Id,DistrictId,Rooms,Square,LifeSquare,KitchenSquare,Floor,HouseFloor,HouseYear,Ecology_1,Ecology_2,Ecology_3,Social_1,Social_2,Social_3,Healthcare_1,Helthcare_2,Shops_1,Shops_2
7699,61,1.0,39.68962407969543,20.98902999866805,7.0,4,14.0,1998,0.300322518,B,B,52,10311,6,,1,9,B
15771,23,3.0,105.59883863423885,,1.0,22,25.0,1977,0.075778755,B,B,6,1437,3,,0,2,B
6256,37,2.0,48.2687257639134,29.769971301584377,6.0,6,9.0,1971,0.127811589,B,B,28,7287,5,320.0,1,3,B
10758,73,2.0,72.30896949540383,72.57668671318005,1.0,8,17.0,2014,0.042031587,B,B,37,6856,84,1940.0,2,5,B
14275,27,1.0,47.52711070587539,43.38756921064507,1.0,17,17.0,2017,0.072157581,B,B,2,629,1,,0,0,A
11746,66,2.0,42.30313816263457,27.327735130197315,5.0,4,5.0,1962,0.161975568,B,A,31,7010,5,4508.0,3,7,B
11360,27,3.0,80.73977136034544,44.30166613225831,11.0,5,17.0,2007,0.07542368,B,B,11,3097,0,,0,0,B
1542,31,3.0,56.47949652085394,38.1675114811581,6.0,2,9.0,1970,0.151346216,B,A,32,5889,10,830.0,4,1,B
4799,4,2.0,67.31385382276201,38.39385873477155,10.0,8,9.0,1963,0.327018035,B,B,12,2270,23,2500.0,1,0,B
13154,7,2.0,63.826394671980246,34.914982550379435,10.0,7,18.0,2010,0.130617806,B,B,39,10418,9,900.0,1,9,B
3497,67,2.0,47.27637789248446,30.73084165467667,5.0,10,9.0,1977,0.100455735,B,B,43,7227,0,,1,6,A
4024,83,1.0,39.99037017279849,23.636319786554107,8.0,15,17.0,1987,0.0077202819999999,B,B,38,4788,2,,0,4,B
12717,56,2.0,48.85211455499908,30.114412127526432,6.0,6,12.0,1971,0.035145267,B,B,42,9292,3,2620.0,0,3,B
12131,173,3.0,87.68829804565483,58.43903983554578,11.0,2,6.0,1937,0.081943463,B,B,20,2738,20,,1,4,B
14719,31,3.0,76.4358402249719,41.34873269477322,10.0,1,9.0,2002,0.151346216,B,A,32,5889,10,830.0,4,1,B
5966,53,2.0,44.43824905393311,31.423017771754918,5.0,8,9.0,1966,0.049637257,B,B,34,7759,0,229.0,1,3,B
14090,2,1.0,39.08264064099316,33.214357690911484,7.0,10,14.0,1970,0.0,B,B,33,7425,1,,2,5,B
2778,99,1.0,56.233048668067006,31.680272117066487,11.0,4,16.0,1978,0.033493708,B,B,66,10573,1,1322.0,3,8,B
6148,88,1.0,41.1515782548306,23.193879498354093,8.0,6,12.0,1978,0.127375905,B,B,43,8429,3,,3,9,B
12190,62,3.0,65.28732835066815,43.39947294551418,6.0,4,12.0,1975,0.002211665,B,B,39,7614,3,,1,5,A
6618,121,2.0,72.36264789170372,38.04064355292578,11.0,2,10.0,2003,0.212515361,B,B,19,3293,16,628.0,3,7,B
13984,145,4.0,95.78410642669752,55.002488153309365,10.0,5,12.0,1999,0.0,B,B,30,5562,0,,0,5,A
6283,7,2.0,44.650853695349255,27.404533222065982,5.0,7,5.0,1966,0.035145267,B,B,42,9292,3,2620.0,0,3,B
10151,1,2.0,53.82981825338361,53.772421482682425,1.0,10,17.0,1977,0.007122317,B,B,1,264,0,,0,1,B
3867,85,3.0,77.10883836636452,50.44428316562747,10.0,3,16.0,1980,0.037177818,B,B,52,11217,1,2300.0,1,7,B
16512,24,1.0,34.041063641819875,20.50695425905193,5.0,8,9.0,1962,0.111627393,B,B,50,12238,8,1970.0,2,3,B
1731,23,2.0,54.59602783454718,31.225905869635525,10.0,4,3.0,2016,0.005767451,B,B,1,388,0,,0,0,B
11798,6,3.0,83.56882840985655,,1.0,4,17.0,1977,0.243204519,B,B,5,1564,0,540.0,0,0,B
8410,46,1.0,36.72663022974941,18.23662513248784,6.0,8,12.0,1980,0.0,B,B,47,11319,0,1145.0,3,5,B
5722,10,1.0,38.63515515559854,20.97625713766785,9.0,8,14.0,1970,0.089039719,B,B,33,7976,5,,0,11,B
12688,1,2.0,67.48360025726446,,1.0,13,17.0,1977,0.007122317,B,B,1,264,0,,0,1,B
10033,167,1.0,35.677794131006095,20.883123478274268,9.0,10,12.0,1970,0.051942062,B,B,17,4017,7,800.0,2,0,B
15929,75,3.0,61.013880105595,46.69775175341842,5.0,1,5.0,1965,0.122090347,B,B,29,6566,7,1894.0,4,0,B
2535,93,1.0,43.05703335444503,23.04479043030352,8.0,14,17.0,2010,0.041116354,B,B,53,14892,4,,1,4,B
7127,69,3.0,74.0297696255355,43.34754809163996,10.0,8,23.0,1986,0.0,B,B,18,3374,5,620.0,1,2,B
917,128,3.0,73.21101991765708,47.40137438702343,10.0,12,17.0,1997,0.0,B,B,27,4798,0,30.0,2,8,B
10136,1,1.0,39.188428063995865,,1.0,7,17.0,1977,0.007122317,B,B,1,264,0,,0,1,B
4923,27,1.0,41.515281040597536,39.63615956223219,1.0,15,25.0,2015,0.211401214,B,B,9,1892,0,,0,1,B
6060,53,5.0,56.60016154103276,2.7420676076353026,1.0,6,18.0,1977,0.049637257,B,B,34,7759,0,229.0,1,3,B
16588,53,2.0,62.372475496634216,43.59720195240009,9.0,17,24.0,2018,0.049637257,B,B,34,7759,0,229.0,1,3,B
6505,23,2.0,64.8609464262844,,1.0,23,25.0,1977,0.075778755,B,B,6,1437,3,,0,2,B
11934,17,2.0,44.29479364905393,33.70997342946917,5.0,7,8.0,1963,0.0,B,B,25,5027,4,46.0,1,1,B
5485,62,3.0,88.09888333422033,,1.0,14,16.0,2015,0.072157581,B,B,2,629,1,,0,0,A
12838,23,2.0,63.00556944101911,62.31396267001975,0.0,18,25.0,1977,0.075778755,B,B,6,1437,3,,0,2,B
8155,1,3.0,83.89733391768435,,1.0,5,17.0,1977,0.007122317,B,B,1,264,0,,0,1,B
2641,30,2.0,68.68285775864122,,1.0,12,12.0,2016,7.81528e-05,B,B,22,6398,141,1046.0,3,23,B
3250,62,2.0,78.10816037110486,,1.0,12,1.0,1977,0.072157581,B,B,2,629,1,,0,0,A
9224,27,2.0,54.23672994035762,,1.0,13,17.0,1977,0.011654127,B,B,4,915,0,,0,0,B
4518,48,2.0,53.99899058847917,34.593313464224714,9.0,15,16.0,1984,0.041124634,B,B,46,9515,5,,1,10,B
13894,9,2.0,52.12964663215251,30.287708750888967,8.0,7,14.0,1992,0.136244425,B,B,11,2370,0,,0,1,B
6321,2,2.0,55.32762909591875,34.627817406454355,8.0,11,14.0,1996,0.309479124,B,B,35,7715,4,990.0,0,6,B
14018,30,1.0,50.72927572656592,47.28500151459882,1.0,6,25.0,2016,7.81528e-05,B,B,22,6398,141,1046.0,3,23,B
13010,47,1.0,36.99710421494543,20.39821726072008,8.0,16,16.0,1980,0.101872465,B,B,23,4583,3,,3,3,B
9583,27,1.0,32.47978110410621,,1.0,25,24.0,2014,0.072157581,B,B,2,629,1,,0,0,A
10859,87,1.0,41.357161586881936,18.878705236351934,8.0,8,17.0,1986,0.100455735,B,B,43,7227,0,,1,6,A
1538,167,3.0,61.2160524814072,41.10635890898606,5.0,4,5.0,1961,0.050272014,B,B,21,4231,14,1020.0,0,3,B
4023,35,3.0,65.52593609057224,44.37310620565854,6.0,9,12.0,1972,0.089039719,B,B,33,7976,5,,0,11,B
6946,85,2.0,46.06167887246925,30.61073204554912,6.0,3,9.0,1976,0.037177818,B,B,52,11217,1,2300.0,1,7,B
3316,44,2.0,42.7697271926506,23.92895536272623,6.0,8,18.0,1966,0.232205084,B,B,24,4860,1,80.0,0,3,B
4720,11,1.0,35.62432828179276,21.286495738789423,10.0,6,12.0,1975,0.012338886,B,B,35,5776,1,2078.0,2,4,B
14459,27,1.0,47.80943210174076,47.777381898563135,1.0,14,1.0,1977,0.072157581,B,B,2,629,1,,0,0,A
12689,61,1.0,38.190813276343405,21.653921021502047,10.0,14,25.0,2013,0.300322518,B,B,52,10311,6,,1,9,B
14886,90,1.0,32.809006307769124,20.995885185174924,5.0,4,5.0,1961,0.246031548,B,A,22,3151,4,2715.0,3,3,B
7229,147,1.0,37.148797315910286,19.33222494543072,9.0,9,12.0,1969,0.319809354,B,B,25,4756,16,2857.0,5,8,B
8723,53,2.0,46.66081742626152,25.582383774828266,7.0,4,9.0,1984,0.049637257,B,B,34,7759,0,229.0,1,3,B
16056,128,1.0,41.8806432836533,23.66222035766692,8.0,8,17.0,1991,0.0,B,B,27,4798,0,30.0,2,8,B
3444,9,1.0,43.35503708226897,,1.0,9,18.0,1977,0.161531741,B,B,25,5648,1,30.0,2,4,B
3677,44,1.0,37.51185941257257,21.291773177771105,8.0,12,14.0,1971,0.232205084,B,B,24,4860,1,80.0,0,3,B
8544,7,3.0,118.79891875895424,68.77852358359644,16.0,6,17.0,2013,0.035145267,B,B,42,9292,3,2620.0,0,3,B
7990,161,3.0,78.68451988651363,47.87612552609425,10.0,18,17.0,1995,0.0006991189999999,B,B,14,3369,24,4129.0,0,3,B
6932,23,1.0,56.53803146448446,,0.0,5,9.0,1977,0.014072961,B,B,2,475,0,,0,0,B
15833,4,3.0,71.60730439307244,52.38414906994439,7.0,5,6.0,1918,0.327018035,B,B,12,2270,23,2500.0,1,0,B
4206,26,2.0,40.226881636719774,26.04248800249269,7.0,8,9.0,1964,0.0,B,B,36,6714,2,2672.0,0,2,B
4258,27,2.0,68.32156346070416,,10.0,11,1.0,1977,0.211401214,B,B,9,1892,0,,0,1,B
15668,77,2.0,46.05791948176309,31.45476503659023,6.0,11,9.0,1974,6.99893e-05,B,B,46,10309,1,240.0,1,16,B
16356,57,2.0,49.09996463612848,29.57872725472065,6.0,2,9.0,1974,0.133215333,B,B,49,11395,3,1406.0,3,4,A
5728,62,2.0,65.51522414921793,,0.0,5,0.0,1977,0.072157581,B,B,2,629,1,,0,0,A
6957,27,2.0,69.26110488097932,,1.0,10,16.0,2016,0.211401214,B,B,9,1892,0,,0,1,B
6723,6,2.0,62.939308774026365,64.61850100040273,1.0,10,17.0,2017,0.243204519,B,B,5,1564,0,540.0,0,0,B
9189,169,3.0,61.83123391062148,44.143243804729615,5.0,9,9.0,1977,0.300322518,B,B,52,10311,6,,1,9,B
11366,6,2.0,62.63302347184765,43.15112225927083,10.0,17,17.0,2017,0.243204519,B,B,5,1564,0,540.0,0,0,B
5423,23,2.0,93.98565807826094,51.32935939689996,15.0,18,25.0,2012,0.075778755,B,B,6,1437,3,,0,2,B
16379,168,2.0,55.02318114508318,30.94001018913409,7.0,2,5.0,1926,0.341071945,B,B,27,5664,48,2300.0,3,11,B
7762,61,2.0,50.12367637341,31.36443690912683,5.0,2,9.0,1976,0.300322518,B,B,52,10311,6,,1,9,B
3238,13,1.0,38.70694320605964,20.38525122390129,10.0,17,22.0,1996,0.090799103,B,B,74,19083,2,,5,15,B
3002,11,1.0,33.918848846620264,21.590498472491923,6.0,4,9.0,1970,0.0001696759999999,B,B,36,5992,0,,1,1,B
12042,30,2.0,69.08753774492892,,10.0,9,8.0,1977,7.81528e-05,B,B,22,6398,141,1046.0,3,23,B
9656,93,2.0,64.51110394906671,37.847813097024606,11.0,5,17.0,2011,0.041116354,B,B,53,14892,4,,1,4,B
4606,19,1.0,46.72675746606642,19.456422834464387,9.0,26,25.0,2002,0.000991363,B,B,33,6783,3,,1,9,B
6257,62,1.0,43.83591910863056,,0.0,9,0.0,1977,0.072157581,B,B,2,629,1,,0,0,A
4478,6,1.0,39.495557234683005,41.07288445462324,1.0,8,17.0,1977,0.243204519,B,B,5,1564,0,540.0,0,0,B
15521,72,3.0,67.61670453550299,40.21576540180365,8.0,9,9.0,1977,0.210473241,B,B,11,2398,2,1994.0,3,0,B
5929,1,1.0,39.449747901875774,,0.0,6,17.0,1977,0.007122317,B,B,1,264,0,,0,1,B
11569,17,2.0,39.13640905417217,23.28298271436389,7.0,6,9.0,1966,0.0,B,B,18,3374,5,620.0,1,2,B
12187,23,2.0,67.02750998541055,,1.0,2,17.0,1977,0.075778755,B,B,6,1437,3,,0,2,B
7110,6,1.0,48.48100349126128,3.85239974978188,1.0,12,25.0,2016,0.243204519,B,B,5,1564,0,540.0,0,0,B
14673,6,1.0,48.573115082961,45.53385997556143,1.0,18,25.0,2016,0.243204519,B,B,5,1564,0,540.0,0,0,B
10605,68,2.0,51.73471564830852,33.732871867194966,6.0,11,12.0,1969,0.0,B,B,33,7425,1,,2,5,B
14551,52,1.0,45.067034207357786,23.26893055584684,8.0,15,14.0,1990,0.371148999,B,B,34,7065,1,750.0,2,5,B
13437,62,2.0,73.72538133144033,,1.0,7,1.0,1977,0.072157581,B,B,2,629,1,,0,0,A
9667,113,1.0,36.12814713767463,21.38731838888617,6.0,7,9.0,1972,0.060753049,B,B,15,2787,2,520.0,0,7,B
6463,145,1.0,37.42397293399887,23.654813925664143,8.0,10,14.0,1998,0.0,B,B,30,5562,0,,0,5,A
797,9,1.0,43.44651467414021,19.988975274296195,8.0,11,17.0,2008,0.161531741,B,B,25,5648,1,30.0,2,4,B
1189,6,1.0,37.54571738511353,36.81338000652693,1.0,2,17.0,2017,0.243204519,B,B,5,1564,0,540.0,0,0,B
2143,1,1.0,39.39922586463676,,1.0,15,17.0,1977,0.007122317,B,B,1,264,0,,0,1,B
15419,6,1.0,49.92379219766784,,1.0,19,25.0,1977,0.243204519,B,B,5,1564,0,540.0,0,0,B
15411,9,3.0,89.58248575401251,,1.0,5,1.0,1977,0.161531741,B,B,25,5648,1,30.0,2,4,B
8819,27,3.0,81.60607368160294,46.13444943790271,10.0,3,17.0,2015,0.011654127,B,B,4,915,0,,0,0,B
12965,21,1.0,34.65550454916774,19.672020892253045,6.0,7,9.0,1980,0.194489265,B,B,47,8004,3,125.0,3,5,B
1003,30,1.0,40.4047165965526,,1.0,17,17.0,1977,7.81528e-05,B,B,22,6398,141,1046.0,3,23,B
3285,27,1.0,37.36832905517467,,1.0,23,22.0,2017,0.072157581,B,B,2,629,1,,0,0,A
2076,23,1.0,37.8313719656202,,1.0,4,3.0,1977,0.005767451,B,B,1,388,0,,0,0,B
12738,188,2.0,59.416987283868586,35.579565584365895,8.0,25,25.0,1994,0.0,B,B,7,1660,39,1786.0,1,5,B
497,18,1.0,44.79381324648399,23.97331115777069,8.0,8,14.0,1987,0.0,B,B,30,5562,0,,0,5,A
9195,27,1.0,41.69678068615082,40.14343527261708,1.0,6,12.0,1977,0.011654127,B,B,4,915,0,,0,0,B
15197,57,1.0,43.372893505032046,19.42277481778803,10.0,3,10.0,2003,0.133215333,B,B,49,11395,3,1406.0,3,4,A
11068,11,3.0,84.73759016013099,46.36080258728897,10.0,16,14.0,2000,0.0001696759999999,B,B,36,5992,0,,1,1,B
15406,61,3.0,64.48167906582847,40.619751540720976,7.0,8,9.0,1979,0.300322518,B,B,52,10311,6,,1,9,B
11208,61,2.0,48.83780425548026,30.087498639902428,6.0,6,9.0,1975,0.300322518,B,B,52,10311,6,,1,9,B
3024,87,1.0,36.1385587693361,24.29108392961976,6.0,9,9.0,1980,0.100455735,B,B,43,7227,0,,1,6,A
14686,1,3.0,77.22988533763153,79.95868472952998,1.0,18,17.0,1977,0.007122317,B,B,1,264,0,,0,1,B
5113,41,1.0,40.83976184730634,21.01303218683933,7.0,5,14.0,2004,0.175054867,B,B,36,10055,3,,1,0,B
6716,84,1.0,35.98652930618103,16.384148553986133,5.0,7,10.0,1974,0.149666373,B,B,22,4789,2,4087.0,4,1,B
178,73,2.0,59.42386605515657,33.10080860356411,7.0,4,5.0,1959,0.042031587,B,B,37,6856,84,1940.0,2,5,B
16256,24,3.0,101.4833956274398,52.47978048734839,13.0,6,7.0,2006,0.111627393,B,B,50,12238,8,1970.0,2,3,B
6732,6,2.0,55.99736902967084,,1.0,14,17.0,1977,0.243204519,B,B,5,1564,0,540.0,0,0,B
9568,140,2.0,45.10234107921121,28.385514061337485,6.0,5,5.0,1960,0.0,B,B,33,7425,1,,2,5,B
10023,113,2.0,35.6343219615387,24.58179289277188,6.0,10,9.0,1967,0.307466659,B,A,30,5048,9,325.0,2,5,B
2198,54,3.0,125.4012654858937,128.91346995072922,1.0,7,1.0,2016,0.006076152,B,B,30,5285,0,645.0,6,6,B
16012,23,1.0,37.41819826860562,,0.0,5,7.0,1977,0.034656082,B,B,0,168,0,,0,0,B
877,27,1.0,45.72326456761507,,1.0,10,17.0,1977,0.072157581,B,B,2,629,1,,0,0,A
4408,90,1.0,36.19222982691704,17.671509428358945,5.0,4,5.0,1962,0.265088676,B,B,37,5288,0,1937.0,3,2,B
802,1,3.0,84.35817699433218,,1.0,17,17.0,1977,0.007122317,B,B,1,264,0,,0,1,B
946,18,1.0,44.76991680609955,23.175812118735,8.0,15,14.0,1988,0.0,B,B,30,5562,0,,0,5,A
3344,23,2.0,64.14247882964945,,1.0,14,17.0,1977,0.075778755,B,B,6,1437,3,,0,2,B
965,134,3.0,85.27412317511467,63.04105471130889,7.0,11,10.0,1974,0.049863387,B,B,18,3746,9,75.0,3,1,B
15634,53,2.0,51.76466671542158,30.214645628848533,6.0,2,9.0,1973,0.049637257,B,B,34,7759,0,229.0,1,3,B
13089,23,1.0,37.70032520834372,,10.0,3,20.0,2016,0.005767451,B,B,1,388,0,,0,0,B
7491,63,1.0,46.66502258510928,49.49111587817467,10.0,6,17.0,2015,0.23861713,B,B,26,3889,6,705.0,3,6,B
10643,74,2.0,50.18543863136098,31.7576591771516,5.0,10,9.0,1973,0.309479124,B,B,35,7715,4,990.0,0,6,B
4529,101,1.0,39.14986638842559,19.1894195685826,8.0,11,17.0,1988,0.225824954,A,B,41,6558,7,1548.0,3,2,B
2138,27,1.0,5.647458432920238,1.5015819273540272,1.0,1,1.0,1977,0.017647053,B,B,2,469,0,,0,0,B
6620,90,2.0,53.72275487285837,33.96161360481972,7.0,4,14.0,1991,0.246031548,B,A,22,3151,4,2715.0,3,3,B
12937,62,2.0,55.43366579612309,57.45252122302357,14.0,11,12.0,2014,0.072157581,B,B,2,629,1,,0,0,A
15211,16,3.0,61.54758405181212,46.78559527865676,6.0,7,9.0,1977,0.037177818,B,B,52,11217,1,2300.0,1,7,B
13978,30,1.0,39.877152334710296,,1.0,18,17.0,1977,7.81528e-05,B,B,22,6398,141,1046.0,3,23,B
14997,30,2.0,63.31807494256496,,1.0,19,17.0,1977,7.81528e-05,B,B,22,6398,141,1046.0,3,23,B
12397,27,1.0,52.1369720696901,1.5511671733160328,1.0,10,12.0,2016,0.072157581,B,B,2,629,1,,0,0,A
9637,27,2.0,76.22842921136498,,1.0,7,15.0,1977,0.072157581,B,B,2,629,1,,0,0,A
8709,23,2.0,42.1384571014617,,1.0,6,12.0,2013,0.034656082,B,B,0,168,0,,0,0,B
831,28,1.0,39.3870435301609,20.989227145175285,8.0,3,17.0,1998,0.000995363,B,B,42,7651,1,,1,5,B
14667,121,2.0,44.75828561871543,31.59049584549052,5.0,1,5.0,1967,0.212515361,B,B,19,3293,16,628.0,3,7,B
6270,12,2.0,63.85426025109717,38.91967690165871,10.0,5,14.0,1999,0.090799103,B,B,74,19083,2,,5,15,B
10012,83,2.0,48.83062368522637,28.24201936961241,5.0,9,9.0,1974,0.0077202819999999,B,B,38,4788,2,,0,4,B
9467,48,3.0,63.05467411099111,47.257495433598,6.0,13,12.0,1982,0.041124634,B,B,46,9515,5,,1,10,B
8919,25,2.0,59.4260703131239,,1.0,22,24.0,1977,0.069753361,B,B,53,13670,4,,1,11,B
3107,11,2.0,46.342950599711706,28.86379978594401,5.0,12,12.0,1975,0.225824954,A,B,41,6558,7,1548.0,3,2,B
5047,23,1.0,39.36140692667142,23.16016645967436,10.0,5,15.0,2017,0.034656082,B,B,0,168,0,,0,0,B
13013,78,1.0,40.11558620314575,22.172470685671936,9.0,14,17.0,2013,0.092290642,B,B,21,4346,2,165.0,1,2,B
11373,6,3.0,81.86683460288094,,1.0,6,17.0,1977,0.243204519,B,B,5,1564,0,540.0,0,0,B
436,96,1.0,39.82889019656105,24.11813461581805,8.0,6,12.0,2000,0.041116354,B,B,53,14892,4,,1,4,B
8340,9,2.0,64.61634731644105,32.23437898894518,8.0,11,9.0,2014,0.161531741,B,B,25,5648,1,30.0,2,4,B
2790,3,2.0,79.51024617457831,41.19045541037004,13.0,5,15.0,2013,0.050900058,B,B,43,10621,1,30.0,2,3,B
2872,10,1.0,41.242613584250414,23.845088851381277,8.0,6,17.0,1988,0.089039719,B,B,33,7976,5,,0,11,B
13819,46,1.0,30.94516744710193,13.434489510466545,6.0,5,9.0,1968,0.188783766,B,B,31,6137,4,,0,1,B
10596,53,1.0,39.41692626154685,,1.0,11,19.0,1977,0.049637257,B,B,34,7759,0,229.0,1,3,B
7735,33,1.0,31.725006444127565,33.088428227777854,1.0,4,4.0,2017,0.236108458,B,B,16,3893,27,,3,10,B
16024,103,1.0,40.672515430635,21.02590516939354,8.0,9,17.0,1999,0.0006991189999999,B,B,14,3369,24,4129.0,0,3,B
1851,27,2.0,57.34598067743663,54.71613731895439,0.0,9,9.0,1977,0.011654127,B,B,4,915,0,,0,0,B
1802,27,1.0,47.22217794068264,22.57790639540169,8.0,7,10.0,2009,0.041116354,B,B,53,14892,4,,1,4,B
8357,75,1.0,40.48967510136287,22.71311637894853,8.0,13,14.0,1969,0.307466659,B,A,30,5048,9,325.0,2,5,B
4016,109,2.0,45.7675413558043,32.816228390462214,5.0,4,5.0,1960,0.1363303,B,B,30,6141,10,262.0,3,6,B
15470,55,2.0,46.72095454788978,31.92912972928504,6.0,7,9.0,1972,0.012338886,B,B,35,5776,1,2078.0,2,4,B
16428,170,3.0,77.0287905358431,47.07690066782445,10.0,13,17.0,1990,0.21843974,B,B,21,4472,6,1450.0,4,7,A
16650,191,1.0,39.3985116514654,19.55338721777137,8.0,3,16.0,1985,0.127375905,B,B,43,8429,3,,3,9,B
8211,48,3.0,98.29220513606737,98.811899892403,1.0,11,1.0,2017,0.041124634,B,B,46,9515,5,,1,10,B
16382,23,3.0,71.36531154828594,71.83780085476253,0.0,5,3.0,1977,0.005767451,B,B,1,388,0,,0,0,B
5405,21,1.0,43.103813869248846,21.23475609332882,8.0,3,17.0,2006,0.194489265,B,B,47,8004,3,125.0,3,5,B
3957,160,3.0,58.86282910003973,40.32216025434056,6.0,7,9.0,1979,0.0,B,B,39,8647,0,810.0,0,5,B
13241,61,1.0,40.57629621127623,19.17064321240808,10.0,6,22.0,1998,0.300322518,B,B,52,10311,6,,1,9,B
14149,80,1.0,39.76106332210328,21.607034519030663,10.0,21,22.0,1990,0.0,B,B,39,8647,0,810.0,0,5,B
11870,185,3.0,76.54322466475195,47.531757781573006,10.0,5,17.0,1991,0.025609157,B,B,33,5261,0,240.0,3,1,B
6869,27,1.0,37.74839849363714,,1.0,10,19.0,1977,0.211401214,B,B,9,1892,0,,0,1,B
6854,6,2.0,63.95926453819797,62.86548044557145,1.0,16,17.0,2018,0.243204519,B,B,5,1564,0,540.0,0,0,B
4047,168,3.0,92.02029339171308,42.53338892459912,22.0,2,2.0,2018,0.341071945,B,B,27,5664,48,2300.0,3,11,B
5430,101,1.0,38.74370289661279,22.87738591588361,6.0,4,9.0,1979,0.225824954,A,B,41,6558,7,1548.0,3,2,B
16290,37,2.0,54.6464203536069,32.77192467127642,8.0,3,12.0,1981,0.127811589,B,B,28,7287,5,320.0,1,3,B
16677,91,1.0,36.98230459075872,24.01693853817417,5.0,7,9.0,1970,0.000995363,B,B,42,7651,1,,1,5,B
5319,1,1.0,39.37634048543172,,1.0,8,17.0,1977,0.007122317,B,B,1,264,0,,0,1,B
6150,6,3.0,76.37955255988342,1.6335422370429444,1.0,17,17.0,1977,0.243204519,B,B,5,1564,0,540.0,0,0,B
6718,100,2.0,35.19102380690393,26.850188502496163,5.0,1,8.0,1961,0.049863387,B,B,18,3746,9,75.0,3,1,B
3313,48,2.0,46.87442560346106,29.423719998305245,6.0,2,9.0,1979,0.041124634,B,B,46,9515,5,,1,10,B
16117,30,2.0,60.33083492716742,,1.0,24,22.0,1977,7.81528e-05,B,B,22,6398,141,1046.0,3,23,B
5118,155,3.0,73.25979700240131,53.26537045321884,10.0,3,5.0,1926,0.042307271,B,B,17,2810,9,4849.0,3,6,B
6044,88,3.0,86.65714338850424,,1.0,17,17.0,1977,0.127375905,B,B,43,8429,3,,3,9,B
4431,86,2.0,53.95581651469328,34.828069723947884,9.0,4,12.0,1976,0.161975568,B,A,31,7010,5,4508.0,3,7,B
13883,119,2.0,49.22084185872414,29.03018246931984,6.0,5,5.0,1961,0.000995363,B,B,42,7651,1,,1,5,B
6223,109,1.0,34.5071810336863,22.122895775530907,5.0,8,9.0,1963,0.1363303,B,B,30,6141,10,262.0,3,6,B
528,7,1.0,36.968232630432574,23.28731038868081,10.0,3,12.0,1966,0.130617806,B,B,39,10418,9,900.0,1,9,B
4862,96,1.0,44.82443599799236,21.89138246780808,9.0,10,8.0,2011,0.041116354,B,B,53,14892,4,,1,4,B
14301,31,2.0,43.13695939717929,30.37665976038993,5.0,5,5.0,1970,0.151346216,B,A,32,5889,10,830.0,4,1,B
417,77,1.0,32.384126920287244,21.55543516962668,6.0,9,9.0,1976,6.99893e-05,B,B,46,10309,1,240.0,1,16,B
9348,205,1.0,37.48081132318665,16.851794529945757,8.0,6,5.0,1933,0.16909109,B,B,19,3856,10,,2,5,B
466,90,1.0,39.115782469382175,21.150873238140928,9.0,11,12.0,1971,0.265088676,B,B,37,5288,0,1937.0,3,2,B
9761,27,1.0,58.30317937765962,57.48379234409224,10.0,9,17.0,2018,0.011654127,B,B,4,915,0,,0,0,B
5149,1,2.0,61.29261815698233,,1.0,5,16.0,1977,0.007122317,B,B,1,264,0,,0,1,B
1730,9,1.0,43.52120305928807,45.3108695228277,1.0,5,18.0,1977,0.161531741,B,B,25,5648,1,30.0,2,4,B
8908,22,2.0,67.12119392642221,,1.0,15,17.0,1977,0.118537385,B,B,30,6207,1,1183.0,1,0,B
13208,57,2.0,63.412140591976645,38.41133939594794,10.0,7,19.0,2008,0.133215333,B,B,49,11395,3,1406.0,3,4,A
2690,9,2.0,46.9060602839888,32.200356005356504,7.0,5,5.0,1979,0.161531741,B,B,25,5648,1,30.0,2,4,B
10101,34,1.0,31.57856743778345,31.304526283010382,5.0,8,9.0,2000,0.069753361,B,B,53,13670,4,,1,11,B
11573,93,1.0,42.08341868612245,21.082349339927205,10.0,4,17.0,2016,0.521867054,B,B,25,6149,0,,0,0,B
3946,1,2.0,68.71477345686311,67.62791460886876,1.0,22,24.0,1977,0.007122317,B,B,1,264,0,,0,1,B
186,74,2.0,80.08000580402965,,0.0,6,17.0,1977,0.075778755,B,B,6,1437,3,,0,2,B
15205,87,3.0,76.61200497268392,49.79287545793397,10.0,10,17.0,1989,0.100455735,B,B,43,7227,0,,1,6,A
13285,9,2.0,61.99442161414454,38.9202534582369,10.0,3,17.0,1995,0.161531741,B,B,25,5648,1,30.0,2,4,B
15642,20,1.0,50.36240482695722,26.673438781250557,15.0,8,11.0,2008,0.019508796,B,B,37,7687,11,176.0,5,5,B
6474,114,1.0,33.997125361738256,24.840236858459956,5.0,3,5.0,1961,0.327018035,B,B,12,2270,23,2500.0,1,0,B
11378,23,2.0,59.38049692971982,,1.0,10,17.0,1977,0.075778755,B,B,6,1437,3,,0,2,B
7320,145,2.0,61.25613024247728,37.02894096465101,10.0,10,17.0,2000,0.0,B,B,30,5562,0,,0,5,A
1052,6,1.0,52.64740359700341,,1.0,6,25.0,1977,0.243204519,B,B,5,1564,0,540.0,0,0,B
4201,23,1.0,52.93483444445153,51.641588514844216,10.0,7,17.0,2015,0.034656082,B,B,0,168,0,,0,0,B
7976,23,2.0,64.40535431930748,,1.0,16,25.0,1977,0.075778755,B,B,6,1437,3,,0,2,B
7378,23,1.0,42.9949376026249,,1.0,5,4.0,1977,0.034656082,B,B,0,168,0,,0,0,B
304,96,2.0,61.94830652716743,35.60400158485598,10.0,14,17.0,1995,0.041116354,B,B,53,14892,4,,1,4,B
9967,149,1.0,43.67397021406908,20.564666972502845,10.0,7,22.0,2006,0.041116354,B,B,53,14892,4,,1,4,B
5241,46,3.0,67.52883809870292,48.13048682600203,5.0,7,9.0,1968,0.0,B,B,47,11319,0,1145.0,3,5,B
14039,29,1.0,38.64495753534339,22.285199719785403,8.0,3,5.0,1960,0.069660344,B,B,31,6119,4,,1,2,B
16736,44,2.0,43.650442683544085,27.493023035082693,5.0,4,5.0,1961,0.122190486,B,B,25,4724,2,1308.0,1,3,B
2440,61,2.0,39.660695434791954,26.69614459103268,6.0,5,12.0,1968,0.298204575,B,B,16,4048,3,,1,3,B
16389,28,1.0,35.46762292099524,19.552565068001933,8.0,4,9.0,1974,0.118537385,B,B,30,6207,1,1183.0,1,0,B
3970,31,2.0,60.57353837019161,36.59403393303787,10.0,3,14.0,1999,0.0,B,B,23,3684,2,,0,4,B
11424,27,1.0,88.62711549813555,79.5889143525306,0.0,1,3.0,2014,0.07542368,B,B,11,3097,0,,0,0,B
11077,21,3.0,62.715838043704174,41.52214281955178,5.0,3,5.0,1967,0.194489265,B,B,47,8004,3,125.0,3,5,B
16551,29,2.0,42.6950943039484,22.75673395068146,7.0,8,9.0,1968,0.069660344,B,B,31,6119,4,,1,2,B
8186,27,3.0,77.13960844842511,78.13797562541191,10.0,13,13.0,2018,0.211401214,B,B,9,1892,0,,0,1,B
9122,27,2.0,46.602980442402526,30.149847491336303,6.0,5,5.0,1969,0.211401214,B,B,9,1892,0,,0,1,B
15306,1,2.0,54.29392516937747,,0.0,3,17.0,1977,0.007122317,B,B,1,264,0,,0,1,B
16151,119,1.0,35.00861243160698,22.13775952474837,5.0,2,9.0,1965,0.033493708,B,B,66,10573,1,1322.0,3,8,B
15401,13,2.0,51.39579121978623,32.650826018825995,8.0,6,17.0,2001,0.090799103,B,B,74,19083,2,,5,15,B
2779,58,2.0,66.29533208203671,,0.0,16,17.0,1977,0.43788524,B,B,23,5735,3,1084.0,0,5,B
6288,34,2.0,55.49740367201128,34.8981288788066,9.0,5,16.0,2001,0.069753361,B,B,53,13670,4,,1,11,B
3346,75,1.0,29.58353963020132,17.26320620470885,5.0,5,5.0,1960,0.122090347,B,B,29,6566,7,1894.0,4,0,B
16471,33,1.0,31.03383517639067,18.028922245446545,6.0,2,9.0,1966,0.050272014,B,B,21,4231,14,1020.0,0,3,B
14811,58,1.0,41.05789525897194,,1.0,17,17.0,1977,0.43788524,B,B,23,5735,3,1084.0,0,5,B
16195,1,1.0,39.37168113402182,,1.0,7,17.0,1977,0.007122317,B,B,1,264,0,,0,1,B
5184,46,3.0,69.40003997227386,69.45559284814067,1.0,4,2.0,1977,0.188783766,B,B,31,6137,4,,0,1,B
9041,27,2.0,86.1304910523078,46.39926422031172,15.0,7,14.0,2009,0.051815435,B,B,5,1227,0,,0,0,B
7644,1,3.0,84.25846795624682,48.276506308340686,10.0,7,22.0,2010,0.025609157,B,B,33,5261,0,240.0,3,1,B
10740,41,1.0,40.41394209370814,22.6348536713666,7.0,4,17.0,1977,0.175054867,B,B,36,10055,3,,1,0,B
12910,87,2.0,51.57888136931626,30.71452293668584,8.0,3,17.0,1987,0.100455735,B,B,43,7227,0,,1,6,A
6550,23,1.0,43.35967779919624,5.04269183421068,1.0,16,17.0,1977,0.075778755,B,B,6,1437,3,,0,2,B
3174,13,4.0,96.25953781643494,63.847681300825606,10.0,6,10.0,1996,0.090799103,B,B,74,19083,2,,5,15,B
6009,140,2.0,41.58899019555932,23.89134737491356,7.0,9,9.0,1969,0.0,B,B,33,7425,1,,2,5,B
5547,156,1.0,41.68799420642208,20.1483368541395,7.0,6,14.0,2011,0.007658515,B,B,35,7077,56,2301.0,3,19,B
15299,1,1.0,43.78871343674294,,1.0,11,1.0,1977,0.014580716,B,B,3,760,1,,0,0,B
14219,84,1.0,31.152639840578733,17.72981352341405,5.0,11,9.0,1971,0.006076152,B,B,30,5285,0,645.0,6,6,B
5925,62,1.0,42.49390721216511,42.56813259970031,10.0,7,17.0,2017,0.072157581,B,B,2,629,1,,0,0,A
6130,6,2.0,61.87282257340986,,12.0,6,17.0,1977,0.243204519,B,B,5,1564,0,540.0,0,0,B
10891,48,2.0,57.142198962269525,31.58441320550512,8.0,6,12.0,1981,0.041124634,B,B,46,9515,5,,1,10,B
8461,163,2.0,48.04441203175735,31.767807561062853,5.0,2,5.0,1961,0.007658515,B,B,35,7077,56,2301.0,3,19,B
10637,128,3.0,76.77866752222555,43.85839860387756,8.0,15,14.0,1998,0.041116354,B,B,53,14892,4,,1,4,B
13140,20,2.0,55.82361543646923,34.8230559652618,9.0,4,12.0,1984,0.019508796,B,B,37,7687,11,176.0,5,5,B
13446,17,3.0,86.71766755579443,60.773024081075256,8.0,7,8.0,1959,0.0,B,B,25,5027,4,46.0,1,1,B
3381,9,2.0,54.62029016371064,30.08122717380717,8.0,11,14.0,1990,0.136244425,B,B,11,2370,0,,0,1,B
4979,44,1.0,32.99127328274289,25.16395937701384,5.0,9,9.0,1963,0.232205084,B,B,24,4860,1,80.0,0,3,B
8102,3,1.0,40.0257239874583,19.90966675650783,7.0,10,17.0,2004,0.050900058,B,B,43,10621,1,30.0,2,3,B
15028,27,2.0,42.40873386310217,44.43031419727217,1.0,9,1.0,2016,0.072157581,B,B,2,629,1,,0,0,A
6096,37,1.0,43.890948790996845,21.09210451008636,8.0,11,12.0,1984,0.232205084,B,B,24,4860,1,80.0,0,3,B
5903,19,2.0,56.18466342234829,34.33767102216961,9.0,17,17.0,1981,0.000991363,B,B,33,6783,3,,1,9,B
336,80,3.0,60.912545233119495,42.76733585188625,6.0,6,9.0,1975,0.0077202819999999,B,B,38,4788,2,,0,4,B
14024,198,2.0,47.47728056946219,31.06946596163971,5.0,2,5.0,1970,0.006076152,B,B,30,5285,0,645.0,6,6,B
14304,128,1.0,37.19415789838301,20.4465895464994,8.0,2,17.0,1995,0.0,B,B,27,4798,0,30.0,2,8,B
9638,27,1.0,98.28378292248748,85.53117197043935,0.0,2,13.0,2014,0.07542368,B,B,11,3097,0,,0,0,B
12858,55,3.0,73.52132118137585,47.01892935839261,10.0,6,14.0,1996,0.041365446,B,B,31,5569,0,,1,4,B
6413,85,1.0,40.005109064145344,17.822393537994618,10.0,20,22.0,1984,0.037177818,B,B,52,11217,1,2300.0,1,7,B
2322,84,1.0,34.57883772181403,18.139375892076853,6.0,3,5.0,1963,0.149666373,B,B,22,4789,2,4087.0,4,1,B
11045,95,1.0,46.78767674845995,,0.0,5,0.0,1977,0.0006991189999999,B,B,14,3369,24,4129.0,0,3,B
9438,5,1.0,34.34285683178473,21.832747872041928,5.0,5,5.0,1962,0.150817539,B,B,16,3433,4,2643.0,4,5,B
12627,23,1.0,45.58213735200336,43.16361670969816,11.0,6,4.0,1977,0.014072961,B,B,2,475,0,,0,0,B
14298,58,1.0,44.76168586553168,,0.0,17,17.0,1977,0.43788524,B,B,23,5735,3,1084.0,0,5,B
2033,129,2.0,42.184795138009655,24.82081322609951,7.0,3,12.0,1967,0.460556389,B,B,20,4386,14,,1,5,B
16101,7,3.0,57.21020572612854,38.2688161966276,5.0,5,3.0,1960,0.035145267,B,B,42,9292,3,2620.0,0,3,B
2392,9,3.0,78.68034437272391,44.54847497197399,10.0,6,17.0,1993,0.069753361,B,B,53,13670,4,,1,11,B
2689,143,3.0,69.85035822295137,47.45914633760978,9.0,5,16.0,1980,0.049863387,B,B,18,3746,9,75.0,3,1,B
2131,169,2.0,44.9593044244778,29.0507070138421,6.0,6,9.0,1972,0.178916796,B,B,18,3594,4,192.0,1,5,B
11498,126,1.0,41.84438728138807,24.866904557832427,8.0,4,14.0,1992,0.333891544,B,B,30,6564,1,,0,0,B
3213,58,3.0,82.17736433099537,42.46210142656902,10.0,7,16.0,2005,0.1489038909999999,B,B,9,1952,1,1430.0,3,2,B
13707,1,1.0,42.44688260400803,19.846674850833782,7.0,2,17.0,2015,0.007122317,B,B,1,264,0,,0,1,B
10618,79,2.0,46.35763640044757,28.14498305075405,5.0,3,5.0,1969,0.307466659,B,A,30,5048,9,325.0,2,5,B
4822,58,3.0,63.22767861560684,47.887547384028245,6.0,4,9.0,1968,0.050755569,B,B,24,5469,1,145.0,0,1,B
15756,27,1.0,40.73287057007803,23.959210732722607,8.0,6,9.0,2000,0.041116354,B,B,53,14892,4,,1,4,B
4530,23,2.0,92.18193950554456,49.50235203756864,15.0,3,25.0,2013,0.075778755,B,B,6,1437,3,,0,2,B
9346,125,2.0,47.56702321471278,28.069943392111355,5.0,7,5.0,1964,0.040242764,B,B,25,3478,11,2729.0,3,1,B
9485,1,3.0,78.9912434730944,,0.0,11,17.0,1977,0.007122317,B,B,1,264,0,,0,1,B
14289,26,2.0,48.64270027367563,30.79597599339624,5.0,2,5.0,1968,0.0,B,B,36,6714,2,2672.0,0,2,B
13302,86,3.0,58.5296078680904,38.13873609796371,5.0,6,5.0,1962,0.161975568,B,A,31,7010,5,4508.0,3,7,B
7017,52,3.0,80.50902249916281,48.64579238900214,10.0,16,17.0,2009,0.371148999,B,B,34,7065,1,750.0,2,5,B
605,134,1.0,50.35534153250654,4.773885201855045,1.0,14,25.0,2017,0.212515361,B,B,19,3293,16,628.0,3,7,B
6897,1,2.0,64.82700018606558,,1.0,26,24.0,1977,0.007122317,B,B,1,264,0,,0,1,B
160,70,1.0,35.1465209872266,23.86211230003187,6.0,10,9.0,1976,0.002211665,B,B,39,7614,3,,1,5,A
7939,30,1.0,47.54280638871768,,1.0,9,20.0,2015,7.81528e-05,B,B,22,6398,141,1046.0,3,23,B
15812,178,2.0,53.18209819950172,26.09315479358093,10.0,8,8.0,1960,0.460556389,B,B,20,4386,14,,1,5,B
12082,39,1.0,40.84533365430253,22.708265006580486,9.0,2,16.0,1982,0.428825818,B,B,25,5011,8,730.0,0,2,B
385,3,3.0,75.19373725677427,44.131271984687565,8.0,7,14.0,1995,0.265088676,B,B,37,5288,0,1937.0,3,2,B
192,75,2.0,62.853793966716346,34.978464126383976,5.0,5,5.0,1961,0.307466659,B,A,30,5048,9,325.0,2,5,B
14115,28,2.0,46.706172915930175,30.99601396174773,5.0,6,5.0,1960,0.118537385,B,B,30,6207,1,1183.0,1,0,B
914,1,2.0,64.13446724463208,65.60843683460689,1.0,16,17.0,1977,0.007122317,B,B,1,264,0,,0,1,B
16630,72,1.0,36.39286797362917,17.498456027213027,7.0,6,9.0,1967,0.210473241,B,B,11,2398,2,1994.0,3,0,B
10685,1,2.0,54.51040907368143,,1.0,4,17.0,1977,0.007122317,B,B,1,264,0,,0,1,B
12474,9,3.0,46.40513565540877,25.35351024967065,5.0,6,9.0,1975,0.13012277,B,B,8,1986,0,,0,0,B
8319,6,2.0,63.86631065939285,,12.0,11,17.0,1977,0.243204519,B,B,5,1564,0,540.0,0,0,B
11545,58,2.0,66.30408574572843,,1.0,5,3.0,1977,0.43788524,B,B,23,5735,3,1084.0,0,5,B
1215,62,1.0,47.06363502158803,46.19118680176756,1.0,5,17.0,1977,0.072157581,B,B,2,629,1,,0,0,A
11081,6,2.0,52.15121938772336,,1.0,11,17.0,1977,0.243204519,B,B,5,1564,0,540.0,0,0,B
11895,30,2.0,65.77650282396219,,1.0,14,17.0,1977,7.81528e-05,B,B,22,6398,141,1046.0,3,23,B
13563,180,2.0,61.5800839225731,39.647901682300414,6.0,10,16.0,1974,0.037316452,B,B,32,6748,93,562.0,4,10,B
4221,166,2.0,68.5185614600764,45.37374689265626,9.0,5,7.0,1953,0.174739084,B,B,17,3379,9,100.0,0,3,B
188,37,2.0,43.609704851323016,23.165088256008016,6.0,6,14.0,1975,0.127811589,B,B,28,7287,5,320.0,1,3,B
11727,6,3.0,77.5642182203554,,1.0,13,17.0,1977,0.243204519,B,B,5,1564,0,540.0,0,0,B
6293,90,2.0,46.41624375131536,32.73083579903852,5.0,5,5.0,1965,0.265088676,B,B,37,5288,0,1937.0,3,2,B
14578,9,1.0,39.566938901267726,42.80861614003637,8.0,6,15.0,2009,0.161531741,B,B,25,5648,1,30.0,2,4,B
6613,46,3.0,57.79118907532879,36.21210910758168,5.0,5,5.0,1967,0.0,B,B,47,11319,0,1145.0,3,5,B
13280,21,3.0,54.55015221777687,38.809645637029696,6.0,9,9.0,1976,0.034331497,B,B,25,5487,3,,0,4,B
12694,27,3.0,83.67003174601149,46.35835603454894,0.0,8,0.0,2015,0.072157581,B,B,2,629,1,,0,0,A
15096,30,1.0,132.67051292780675,122.57893175773675,3.0,10,39.0,2010,7.81528e-05,B,B,22,6398,141,1046.0,3,23,B
12249,6,1.0,43.28614083958464,,0.0,12,17.0,1977,0.243204519,B,B,5,1564,0,540.0,0,0,B
143,63,3.0,74.72740474286606,45.71902012369876,10.0,4,17.0,1999,0.23861713,B,B,26,3889,6,705.0,3,6,B
7254,22,3.0,74.93665231813763,48.03842611477536,10.0,2,17.0,1989,0.133215333,B,B,49,11395,3,1406.0,3,4,A
8027,161,2.0,48.93798691188408,33.08257725916332,5.0,10,9.0,1965,0.014423114,B,B,19,3806,4,,0,3,B
16251,9,1.0,45.74226717354091,,1.0,18,18.0,2014,0.161531741,B,B,25,5648,1,30.0,2,4,B
1995,176,2.0,56.85560567034372,35.90830314834036,7.0,4,5.0,1961,0.08761909,B,B,8,1497,5,,1,0,B
15989,62,1.0,47.095405501415,,0.0,4,0.0,1977,0.072157581,B,B,2,629,1,,0,0,A
927,13,1.0,39.31735061325933,22.415301246505017,9.0,8,16.0,1986,0.133215333,B,B,49,11395,3,1406.0,3,4,A
9837,25,3.0,118.75438778381636,67.49633649811514,12.0,14,25.0,2011,0.069753361,B,B,53,13670,4,,1,11,B
11965,67,2.0,46.76858227283441,33.24520439374607,5.0,9,9.0,1980,0.100455735,B,B,43,7227,0,,1,6,A
3929,9,1.0,44.962964220885496,24.758626559900087,11.0,7,14.0,2008,0.13012277,B,B,8,1986,0,,0,0,B
8533,27,1.0,42.76952139483762,42.72103866514149,10.0,8,20.0,2017,0.011654127,B,B,4,915,0,,0,0,B
13094,52,2.0,47.237170615261725,29.89373561134328,5.0,2,4.0,1962,0.371148999,B,B,34,7065,1,750.0,2,5,B
2080,99,2.0,48.13796454659416,31.329245786693487,5.0,6,5.0,1969,0.033493708,B,B,66,10573,1,1322.0,3,8,B
1522,27,1.0,41.097757036421775,18.532148589130696,8.0,17,16.0,2013,0.017647053,B,B,2,469,0,,0,0,B
16365,178,2.0,55.00290277599888,31.77007100206686,9.0,10,12.0,1976,0.212515361,B,B,19,3293,16,628.0,3,7,B
6033,41,3.0,67.84946953385986,42.06558393211931,9.0,4,4.0,1941,0.127811589,B,B,28,7287,5,320.0,1,3,B
3259,12,2.0,60.108027807383,36.82142367273558,10.0,7,16.0,1981,0.090799103,B,B,74,19083,2,,5,15,B
9386,176,3.0,77.67237659640922,52.303676458774405,9.0,6,5.0,1960,0.08761909,B,B,8,1497,5,,1,0,B
10277,28,1.0,36.7167279301558,18.97619572645613,9.0,3,17.0,2008,0.333891544,B,B,30,6564,1,,0,0,B
349,34,3.0,88.13665051058642,85.27098850930966,10.0,12,25.0,2016,0.069753361,B,B,53,13670,4,,1,11,B
14300,46,1.0,21.674694282234054,15.567682875323314,2.0,5,5.0,1967,0.188783766,B,B,31,6137,4,,0,1,B
7759,29,1.0,25.24417083491393,19.28733897490156,3.0,6,5.0,1971,0.069660344,B,B,31,6119,4,,1,2,B
1226,53,2.0,57.32888966738285,,1.0,21,19.0,2016,0.049637257,B,B,34,7759,0,229.0,1,3,B
3336,77,2.0,56.34154619421152,36.42476001061112,9.0,6,16.0,1978,0.298204575,B,B,16,4048,3,,1,3,B
3204,128,2.0,62.08212168220585,,0.0,2,3.0,1977,0.0,B,B,27,4798,0,30.0,2,8,B
14015,6,2.0,65.7434365882377,4.1044106349534575,1.0,15,17.0,1977,0.243204519,B,B,5,1564,0,540.0,0,0,B
2837,77,3.0,82.95303847725529,50.88722039442873,8.0,3,12.0,1982,6.99893e-05,B,B,46,10309,1,240.0,1,16,B
4985,23,2.0,63.02111913012411,,1.0,4,25.0,1977,0.075778755,B,B,6,1437,3,,0,2,B
9457,88,1.0,35.53218603160393,22.380693711000266,6.0,5,9.0,1977,0.127375905,B,B,43,8429,3,,3,9,B
8697,54,3.0,107.26140330876824,,9.0,4,17.0,2013,0.006076152,B,B,30,5285,0,645.0,6,6,B
4562,6,1.0,51.43091904009346,,1.0,19,25.0,1977,0.243204519,B,B,5,1564,0,540.0,0,0,B
6642,1,2.0,56.89047833586052,,1.0,12,17.0,1977,0.007122317,B,B,1,264,0,,0,1,B
13621,3,2.0,41.23555102490317,22.60174922595389,6.0,4,14.0,1975,0.050900058,B,B,43,10621,1,30.0,2,3,B
1152,21,2.0,53.4167118983648,30.84538872997398,9.0,9,14.0,2006,0.034331497,B,B,25,5487,3,,0,4,B
15220,9,1.0,37.84917234145844,23.68249144638565,7.0,5,17.0,1997,0.161531741,B,B,25,5648,1,30.0,2,4,B
14971,44,2.0,45.5967946108787,34.53290003653864,6.0,1,5.0,1963,0.036122292,B,B,24,4378,0,1036.0,1,1,B
14586,23,1.0,41.56153501496149,39.429655184707066,1.0,4,4.0,2017,0.034656082,B,B,0,168,0,,0,0,B
15509,27,2.0,55.43986118530975,57.52724313175271,10.0,15,17.0,2016,0.011654127,B,B,4,915,0,,0,0,B
15837,66,2.0,42.82308060371631,26.447974276130072,4.0,4,9.0,1973,0.111627393,B,B,50,12238,8,1970.0,2,3,B
4816,89,2.0,58.69490814155216,37.92669749860402,7.0,4,8.0,1963,0.151346216,B,A,32,5889,10,830.0,4,1,B
6246,26,2.0,48.01692214823677,44.85408662627032,5.0,1,5.0,1965,0.0,B,B,36,6714,2,2672.0,0,2,B
4709,52,2.0,51.57555517622665,,1.0,10,17.0,1977,0.371148999,B,B,34,7065,1,750.0,2,5,B
15315,30,1.0,43.48240276183572,,1.0,12,17.0,1977,7.81528e-05,B,B,22,6398,141,1046.0,3,23,B
15207,62,1.0,37.676875099089,21.00695295752595,6.0,2,9.0,1973,0.002211665,B,B,39,7614,3,,1,5,A
15242,27,2.0,74.18779832776931,1.8136659670439608,1.0,5,1.0,1977,0.072157581,B,B,2,629,1,,0,0,A
15950,23,1.0,42.833315473059095,,1.0,1,1.0,1977,0.034656082,B,B,0,168,0,,0,0,B
2397,55,2.0,62.95489944645739,36.11638615677065,10.0,15,17.0,1989,0.041365446,B,B,31,5569,0,,1,4,B
3747,23,5.0,139.04576318583412,89.79027379211708,42.0,1,3.0,2015,0.014072961,B,B,2,475,0,,0,0,B
11188,1,2.0,85.00056774819689,,1.0,4,17.0,1977,0.007122317,B,B,1,264,0,,0,1,B
355,61,2.0,47.55062280411278,34.447034686760446,6.0,4,12.0,1976,0.300322518,B,B,52,10311,6,,1,9,B
2506,23,2.0,57.40850587975816,,1.0,8,17.0,1977,0.075778755,B,B,6,1437,3,,0,2,B
6466,52,1.0,41.64080813687673,,1.0,15,17.0,1977,0.371148999,B,B,34,7065,1,750.0,2,5,B
14541,3,1.0,36.02730852083676,23.52769239139908,5.0,7,5.0,1970,0.265088676,B,B,37,5288,0,1937.0,3,2,B
7883,1,2.0,66.12617329876386,,1.0,13,17.0,1977,0.007122317,B,B,1,264,0,,0,1,B
2949,13,1.0,40.98328213991604,19.19828155783865,9.0,27,25.0,2002,0.090799103,B,B,74,19083,2,,5,15,B
14979,167,2.0,41.67343955391698,23.7287153869714,7.0,11,9.0,1961,0.050272014,B,B,21,4231,14,1020.0,0,3,B
255,73,2.0,45.65805970608304,23.04903799095737,6.0,8,14.0,1976,0.042031587,B,B,37,6856,84,1940.0,2,5,B
11537,9,1.0,39.22884557100184,21.89881870155452,8.0,9,14.0,2010,0.31019913,B,B,11,2748,1,,0,0,B
8534,30,1.0,45.39296970176216,1.6589122800201714,1.0,4,1.0,1977,7.81528e-05,B,B,22,6398,141,1046.0,3,23,B
1633,27,1.0,34.09801208739627,,1.0,10,25.0,1977,0.072157581,B,B,2,629,1,,0,0,A
653,30,2.0,39.112929101577365,,1.0,16,1.0,2015,7.81528e-05,B,B,22,6398,141,1046.0,3,23,B
4891,18,3.0,63.24806887308125,41.88273528864454,7.0,9,14.0,1987,0.0,B,B,30,5562,0,,0,5,A
2166,79,1.0,35.81024342317429,18.988108348133487,6.0,2,9.0,1967,0.050755569,B,B,24,5469,1,145.0,0,1,B
13599,23,3.0,65.23831177017196,64.91282286118853,1.0,13,17.0,1977,0.034656082,B,B,0,168,0,,0,0,B
3951,32,2.0,52.74607572227236,34.25426019363882,9.0,2,12.0,1977,0.135649789,B,B,46,7960,6,350.0,3,11,B
9520,108,3.0,81.09213024526821,55.79911339699682,8.0,3,8.0,1960,0.0,B,B,25,5027,4,46.0,1,1,B
3236,57,2.0,43.7482851680293,31.052534791295727,5.0,4,5.0,1970,0.133215333,B,B,49,11395,3,1406.0,3,4,A
6599,159,3.0,68.95200823319202,42.74801198057104,7.0,3,8.0,1934,0.246623602,B,B,14,2940,45,,3,6,B
9187,74,2.0,78.31081691750703,,1.0,17,17.0,1977,0.075778755,B,B,6,1437,3,,0,2,B
15471,3,1.0,35.87615246760468,18.853164511623504,6.0,8,9.0,1974,0.050900058,B,B,43,10621,1,30.0,2,3,B
7330,27,3.0,80.88644153468981,,1.0,3,17.0,1977,0.017647053,B,B,2,469,0,,0,0,B
9818,53,3.0,81.5544794171576,52.30931760461256,10.0,8,25.0,2016,0.049637257,B,B,34,7759,0,229.0,1,3,B
3160,9,1.0,39.55929223967691,23.62200325774416,8.0,13,14.0,1991,0.161531741,B,B,25,5648,1,30.0,2,4,B
12468,3,1.0,41.397390382076296,,1.0,18,1.0,1977,0.050900058,B,B,43,10621,1,30.0,2,3,B
13575,74,1.0,35.34450083565937,,1.0,7,17.0,1977,0.075778755,B,B,6,1437,3,,0,2,B
4075,27,2.0,57.78013943583012,56.0948723427382,0.0,6,17.0,1977,0.211401214,B,B,9,1892,0,,0,1,B
7368,73,2.0,57.44144338048883,33.81518144039797,8.0,8,8.0,1963,0.042031587,B,B,37,6856,84,1940.0,2,5,B
16788,74,1.0,48.76315544266704,47.20973768307008,1.0,7,10.0,2015,0.075778755,B,B,6,1437,3,,0,2,B
5358,62,2.0,60.970763187419976,,1.0,5,1.0,1977,0.072157581,B,B,2,629,1,,0,0,A
3805,5,3.0,58.17201145809866,57.759613225904296,6.0,11,12.0,1983,0.150817539,B,B,16,3433,4,2643.0,4,5,B
12353,8,2.0,47.99857054753706,28.224887490834277,5.0,10,9.0,1969,0.43788524,B,B,23,5735,3,1084.0,0,5,B
6777,5,3.0,100.54667051636532,58.492936397264494,12.0,15,17.0,2019,0.150817539,B,B,16,3433,4,2643.0,4,5,B
30,23,2.0,64.41874176518218,,1.0,8,17.0,1977,0.075778755,B,B,6,1437,3,,0,2,B
4247,35,1.0,36.707589817208905,19.419572167171868,6.0,13,12.0,1973,0.089039719,B,B,33,7976,5,,0,11,B
2858,7,2.0,54.39344673005008,33.896750596107715,8.0,14,12.0,1984,0.035145267,B,B,42,9292,3,2620.0,0,3,B
13799,27,3.0,81.5221905305015,41.77589818802783,1.0,5,1.0,2016,0.017647053,B,B,2,469,0,,0,0,B
15855,78,3.0,82.03371737531909,45.671652064716405,12.0,19,17.0,2017,0.092290642,B,B,21,4346,2,165.0,1,2,B
5691,28,2.0,45.5023293731774,30.8852471682987,5.0,5,5.0,1968,0.118537385,B,B,30,6207,1,1183.0,1,0,B
9404,161,2.0,55.78481814562032,34.23048876030064,9.0,18,17.0,1996,0.0006991189999999,B,B,14,3369,24,4129.0,0,3,B
4326,98,2.0,56.45080171444757,36.5464831055064,9.0,1,16.0,1983,0.089039719,B,B,33,7976,5,,0,11,B
841,27,1.0,56.667831977242,23.594230205475803,12.0,4,9.0,1999,0.017647053,B,B,2,469,0,,0,0,B
11061,101,2.0,44.14614138151646,29.205543660786184,5.0,5,5.0,1967,0.225824954,A,B,41,6558,7,1548.0,3,2,B
7656,63,3.0,73.85250677685583,46.96831933654504,10.0,9,22.0,1984,0.23861713,B,B,26,3889,6,705.0,3,6,B
4149,91,2.0,47.43125670168568,31.96556364234341,5.0,5,5.0,1980,0.000995363,B,B,42,7651,1,,1,5,B
1658,78,1.0,32.37262587105627,22.618148825210728,6.0,6,12.0,1970,0.092290642,B,B,21,4346,2,165.0,1,2,B
11544,23,2.0,67.64688874787622,,1.0,5,17.0,1977,0.075778755,B,B,6,1437,3,,0,2,B
1397,76,3.0,221.13876811375545,118.05534163943344,4.0,32,48.0,2011,0.0,B,B,7,1660,39,1786.0,1,5,B
7779,1,3.0,82.1694988997472,80.47655789337621,1.0,14,17.0,1977,0.007122317,B,B,1,264,0,,0,1,B
10817,111,2.0,47.62290795330025,31.79754960766603,5.0,5,5.0,1969,0.135649789,B,B,46,7960,6,350.0,3,11,B
13119,1,2.0,45.77306981964009,32.88614155315477,5.0,6,5.0,1977,0.014580716,B,B,3,760,1,,0,0,B
11948,10,3.0,58.03748161998897,41.20536834953269,6.0,10,9.0,1972,0.089039719,B,B,33,7976,5,,0,11,B
6607,0,1.0,34.78944991938816,19.943391410732428,5.0,6,5.0,1961,0.319809354,B,B,25,4756,16,2857.0,5,8,B
8220,61,2.0,63.090472056641815,33.5269344594619,12.0,7,17.0,2013,0.300322518,B,B,52,10311,6,,1,9,B
15554,125,1.0,36.86914550527779,22.701880152165103,10.0,6,12.0,1970,0.040242764,B,B,25,3478,11,2729.0,3,1,B
8530,95,2.0,42.734866206487176,29.21856790479269,5.0,5,5.0,1963,0.0,B,B,7,1660,39,1786.0,1,5,B
3147,27,1.0,45.39931535208291,20.081849212489463,8.0,4,6.0,1998,0.041116354,B,B,53,14892,4,,1,4,B
87,23,1.0,37.23558744603266,,1.0,5,3.0,1977,0.005767451,B,B,1,388,0,,0,0,B
1965,170,3.0,61.68213894646274,39.23364920606232,6.0,9,9.0,1970,0.21843974,B,B,21,4472,6,1450.0,4,7,A
14410,167,2.0,57.906996484887685,35.62563715026764,6.0,8,6.0,1941,0.050272014,B,B,21,4231,14,1020.0,0,3,B
15589,71,2.0,54.73818372647667,30.14730891826025,11.0,15,16.0,1983,0.407276235,A,B,9,1768,0,370.0,0,0,A
15592,72,1.0,35.761861206804646,21.36600511042856,7.0,7,9.0,1978,0.210473241,B,B,11,2398,2,1994.0,3,0,B
8673,27,1.0,47.058040732585056,,1.0,4,16.0,2015,0.072157581,B,B,2,629,1,,0,0,A
8821,34,2.0,52.149908115463546,33.968092454427264,8.0,6,17.0,1995,0.069753361,B,B,53,13670,4,,1,11,B
5851,126,2.0,43.4418493192298,28.86930015011006,5.0,3,5.0,1965,0.333891544,B,B,30,6564,1,,0,0,B
2580,22,2.0,52.61955926718892,,1.0,4,17.0,1977,0.118537385,B,B,30,6207,1,1183.0,1,0,B
2898,58,3.0,66.88933340644138,46.73323803404258,6.0,12,12.0,1982,0.43788524,B,B,23,5735,3,1084.0,0,5,B
16604,17,3.0,100.00091752309037,102.11701542426228,0.0,4,0.0,1977,0.0,B,B,18,3374,5,620.0,1,2,B
15857,1,3.0,85.30647924931667,,0.0,18,0.0,1977,0.007122317,B,B,1,264,0,,0,1,B
15046,129,2.0,58.1988100583595,29.06373897309013,12.0,13,16.0,1980,0.051942062,B,B,17,4017,7,800.0,2,0,B
4853,119,2.0,63.772580521074026,36.23411357925804,11.0,5,14.0,2009,0.000995363,B,B,42,7651,1,,1,5,B
807,23,2.0,64.33970980938707,39.39545630904298,10.0,2,3.0,1977,0.005767451,B,B,1,388,0,,0,0,B
9977,27,3.0,81.62027632808538,1.4018287229981836,0.0,16,22.0,1977,0.211401214,B,B,9,1892,0,,0,1,B
13012,23,2.0,65.30651182195359,61.93036585452803,1.0,7,17.0,1977,0.075778755,B,B,6,1437,3,,0,2,B
13475,1,1.0,45.71884576044573,47.99655778050082,0.0,18,24.0,1977,0.007122317,B,B,1,264,0,,0,1,B
11871,48,2.0,83.7467762689228,,10.0,19,25.0,2017,0.041124634,B,B,46,9515,5,,1,10,B
7099,169,2.0,58.92992089047305,55.040334406173656,10.0,16,17.0,2018,0.178916796,B,B,18,3594,4,192.0,1,5,B
11726,44,1.0,37.03592832482166,17.191679700835255,7.0,6,14.0,1975,0.036122292,B,B,24,4378,0,1036.0,1,1,B
10800,8,1.0,42.94472724221086,20.873298388001768,8.0,14,14.0,1984,0.458174486,B,A,26,4439,1,1130.0,1,5,B
13293,62,1.0,41.17183759742954,,0.0,8,0.0,1977,0.072157581,B,B,2,629,1,,0,0,A
2183,3,3.0,64.8988180904975,47.99286241005129,6.0,8,12.0,1972,0.050900058,B,B,43,10621,1,30.0,2,3,B
13752,34,2.0,55.56831642669624,34.491232242426875,9.0,12,17.0,1997,0.069753361,B,B,53,13670,4,,1,11,B
7673,9,2.0,58.08572088505226,36.658556129317326,10.0,9,22.0,1995,0.161531741,B,B,25,5648,1,30.0,2,4,B
5333,3,2.0,44.1248130563069,27.99980905001265,6.0,4,5.0,1969,0.265088676,B,B,37,5288,0,1937.0,3,2,B
1350,48,3.0,97.9307473968295,94.97939621861724,1.0,22,1.0,2017,0.041124634,B,B,46,9515,5,,1,10,B
10222,55,2.0,56.35612102337564,32.72022154882839,8.0,11,14.0,1991,0.041365446,B,B,31,5569,0,,1,4,B
6287,37,2.0,42.164657967281045,30.876351757071948,5.0,4,9.0,1972,0.127811589,B,B,28,7287,5,320.0,1,3,B
16637,27,2.0,64.16805290294141,,1.0,3,1.0,2014,0.017647053,B,B,2,469,0,,0,0,B
5152,23,1.0,36.3304266108813,39.79009445623589,0.0,6,4.0,1977,0.034656082,B,B,0,168,0,,0,0,B
1535,22,2.0,43.213174005294114,25.35299675003203,5.0,6,5.0,1966,0.133215333,B,B,49,11395,3,1406.0,3,4,A
2184,61,1.0,37.383480458264366,22.74942116424908,0.0,15,17.0,1995,0.300322518,B,B,52,10311,6,,1,9,B
11005,23,3.0,84.44533637955705,,1.0,16,1.0,2016,0.034656082,B,B,0,168,0,,0,0,B
14083,2,3.0,64.02660237716789,41.23336778578632,8.0,4,14.0,1997,0.309479124,B,B,35,7715,4,990.0,0,6,B
5081,57,2.0,48.236742300270826,28.164844407759023,5.0,2,5.0,1967,0.133215333,B,B,49,11395,3,1406.0,3,4,A
12457,30,2.0,62.31742242943879,,1.0,3,1.0,2015,7.81528e-05,B,B,22,6398,141,1046.0,3,23,B
7169,6,1.0,45.17803423823192,,1.0,10,25.0,1977,0.243204519,B,B,5,1564,0,540.0,0,0,B
7911,29,3.0,57.176781117554206,38.73795984751011,5.0,1,5.0,1963,0.086885265,B,B,10,2277,2,1547.0,0,0,B
12070,101,2.0,41.94979547771488,23.226372958286497,6.0,5,12.0,1972,0.225824954,A,B,41,6558,7,1548.0,3,2,B
7847,119,3.0,52.77906727109493,34.06532013576498,6.0,7,9.0,1973,0.333891544,B,B,30,6564,1,,0,0,B
14584,1,1.0,39.4425598121186,,10.0,9,17.0,2016,0.007122317,B,B,1,264,0,,0,1,B
14449,25,1.0,32.93847268320188,32.57110520192509,7.0,15,17.0,2016,0.069753361,B,B,53,13670,4,,1,11,B
8205,1,3.0,75.5416718249385,76.51124012835456,0.0,15,17.0,1977,0.007122317,B,B,1,264,0,,0,1,B
615,90,1.0,40.59683289423657,21.24519725288977,8.0,14,15.0,1976,0.265088676,B,B,37,5288,0,1937.0,3,2,B
9366,62,2.0,76.6875935982137,,0.0,6,0.0,1977,0.072157581,B,B,2,629,1,,0,0,A
10613,57,2.0,67.70883417480606,31.35136499114404,11.0,12,24.0,2005,0.090799103,B,B,74,19083,2,,5,15,B
7734,129,1.0,36.205640925640544,19.572053389636096,9.0,11,12.0,1968,0.020741326,B,B,24,5613,5,1340.0,2,5,B
4584,39,1.0,37.16273636397506,18.45916197487469,8.0,3,9.0,1973,0.428825818,B,B,25,5011,8,730.0,0,2,B
11730,94,2.0,44.19135812711829,28.031865875778585,6.0,5,9.0,1972,0.282797669,B,B,33,8667,2,,0,6,B
9459,187,2.0,54.26243479804574,31.59207711603836,11.0,13,14.0,2001,0.041116354,B,B,53,14892,4,,1,4,B
11027,30,1.0,41.69286233253686,,1.0,5,1.0,1977,7.81528e-05,B,B,22,6398,141,1046.0,3,23,B
3310,6,3.0,84.62535038041838,,1.0,6,17.0,1977,0.243204519,B,B,5,1564,0,540.0,0,0,B
3944,101,2.0,45.01684251607946,30.462648483560315,6.0,4,5.0,1966,0.225824954,A,B,41,6558,7,1548.0,3,2,B
2114,53,2.0,64.77394897758238,60.86110626424346,8.0,14,17.0,2018,0.049637257,B,B,34,7759,0,229.0,1,3,B
7741,94,1.0,42.65741952156207,22.5057685643746,10.0,17,22.0,1995,0.282797669,B,B,33,8667,2,,0,6,B
11856,25,2.0,74.3768153068767,44.4882555301778,5.0,4,25.0,2006,0.069753361,B,B,53,13670,4,,1,11,B
6776,94,2.0,48.149016963105545,34.54394589805004,6.0,9,12.0,1972,0.521867054,B,B,25,6149,0,,0,0,B
8164,53,2.0,64.94662099874508,44.86540278945657,10.0,15,24.0,2018,0.049637257,B,B,34,7759,0,229.0,1,3,B
5243,6,2.0,62.17623423718742,60.72346673250922,12.0,12,12.0,2017,0.243204519,B,B,5,1564,0,540.0,0,0,B
8207,23,2.0,51.832272528569206,,1.0,3,6.0,1977,0.005767451,B,B,1,388,0,,0,0,B
13306,26,1.0,37.19061649339538,25.169628723097286,5.0,7,9.0,1966,0.1363303,B,B,30,6141,10,262.0,3,6,B
15248,2,3.0,99.00970911385905,58.47001645351887,12.0,15,16.0,1991,0.035145267,B,B,42,9292,3,2620.0,0,3,B
10729,27,0.0,76.34515447039855,42.8207962816274,12.0,14,0.0,1977,0.017647053,B,B,2,469,0,,0,0,B
8305,9,3.0,63.38098236927048,43.58430615641985,6.0,6,9.0,1975,0.13012277,B,B,8,1986,0,,0,0,B
8306,179,2.0,45.597507428135344,32.130045100932804,5.0,6,5.0,1967,0.037316452,B,B,32,6748,93,562.0,4,10,B
5916,6,2.0,68.47176232143977,35.20541006388034,12.0,2,17.0,1977,0.243204519,B,B,5,1564,0,540.0,0,0,B
15104,23,2.0,55.04104305083888,32.52821725908952,9.0,12,17.0,2014,0.075778755,B,B,6,1437,3,,0,2,B
1261,45,2.0,40.50241481369879,24.3079804082572,5.0,1,12.0,1965,0.014423114,B,B,19,3806,4,,0,3,B
8603,1,2.0,62.99129525485287,34.24626875310812,10.0,8,22.0,1992,0.025609157,B,B,33,5261,0,240.0,3,1,B
6199,55,3.0,80.34713152431259,46.85652531756187,10.0,18,17.0,1989,0.041365446,B,B,31,5569,0,,1,4,B
11525,9,2.0,55.79775735128887,54.71003598749674,9.0,13,17.0,1994,0.161531741,B,B,25,5648,1,30.0,2,4,B
5527,132,1.0,39.84276864672242,20.437384539790543,10.0,22,22.0,1988,0.007658515,B,B,35,7077,56,2301.0,3,19,B
10353,21,1.0,36.18441939222489,21.374068322669373,9.0,13,12.0,1970,0.194489265,B,B,47,8004,3,125.0,3,5,B
10105,26,1.0,35.488663529452545,21.966797962136745,6.0,4,9.0,1979,0.0,B,B,36,6714,2,2672.0,0,2,B
6168,119,2.0,47.82746538271734,31.71677623387681,5.0,3,5.0,1961,0.000995363,B,B,42,7651,1,,1,5,B
4425,138,2.0,43.41977960119376,30.62710727151296,5.0,5,5.0,1962,0.195781053,B,B,23,5212,6,,3,2,B
3010,25,2.0,62.07222835951462,2.618971469491936,1.0,4,1.0,1977,0.069753361,B,B,53,13670,4,,1,11,B
16401,30,1.0,2.645046457760864,4.338755468218892,1.0,2,1.0,1977,7.81528e-05,B,B,22,6398,141,1046.0,3,23,B
5006,61,1.0,40.17545016768281,20.86738041539608,9.0,14,16.0,1980,0.300322518,B,B,52,10311,6,,1,9,B
13107,5,3.0,61.1866008540353,44.568950109018594,5.0,14,12.0,1973,0.150817539,B,B,16,3433,4,2643.0,4,5,B
11538,6,3.0,80.21939967207726,47.660259644506,9.0,13,17.0,2014,0.243204519,B,B,5,1564,0,540.0,0,0,B
928,61,2.0,45.54518102738886,30.041336571121988,6.0,6,9.0,1977,0.300322518,B,B,52,10311,6,,1,9,B
15378,34,4.0,104.90571026096268,65.51596162228621,10.0,18,22.0,2002,0.069753361,B,B,53,13670,4,,1,11,B
3476,147,1.0,40.19293671227915,22.433394767407407,9.0,12,12.0,1972,0.319809354,B,B,25,4756,16,2857.0,5,8,B
7386,21,1.0,42.95187913113054,22.91574323231957,8.0,12,14.0,1992,0.194489265,B,B,47,8004,3,125.0,3,5,B
7532,9,2.0,47.91777171886911,30.918685354524595,8.0,4,14.0,2010,0.13012277,B,B,8,1986,0,,0,0,B
7971,96,1.0,41.41709162075825,23.624108813010288,7.0,8,10.0,1997,0.041116354,B,B,53,14892,4,,1,4,B
5674,77,1.0,39.05556390481898,20.19633433236669,8.0,5,12.0,1977,6.99893e-05,B,B,46,10309,1,240.0,1,16,B
11363,7,2.0,45.87140622621109,29.96592600359201,6.0,4,5.0,1960,0.035145267,B,B,42,9292,3,2620.0,0,3,B
11494,27,3.0,113.050341197414,54.58634806653143,11.0,10,14.0,2002,0.041116354,B,B,53,14892,4,,1,4,B
1409,62,1.0,38.62292227707783,23.390206158565675,9.0,8,16.0,1979,0.002211665,B,B,39,7614,3,,1,5,A
16098,62,2.0,64.48185441029746,36.65305402151925,9.0,12,14.0,2020,0.072157581,B,B,2,629,1,,0,0,A
9372,88,1.0,36.54268130082464,22.639888672811495,6.0,4,9.0,1971,0.127375905,B,B,43,8429,3,,3,9,B
5746,62,1.0,44.02135555960434,,0.0,13,0.0,1977,0.072157581,B,B,2,629,1,,0,0,A
1840,23,1.0,45.57217923811558,,1.0,6,17.0,2015,0.034656082,B,B,0,168,0,,0,0,B
2773,94,3.0,62.85242048893136,42.387154626948046,6.0,6,9.0,1970,0.282797669,B,B,33,8667,2,,0,6,B
621,136,3.0,65.22173261261237,43.28151655677413,7.0,12,12.0,1974,0.019508796,B,B,37,7687,11,176.0,5,5,B
9973,179,1.0,33.076742495306426,22.671871065771523,5.0,4,5.0,1963,0.319809354,B,B,25,4756,16,2857.0,5,8,B
2573,27,2.0,66.33182664515653,,1.0,10,17.0,1977,0.017647053,B,B,2,469,0,,0,0,B
8658,62,2.0,44.46095339377197,30.5542739945902,5.0,4,5.0,1974,0.072157581,B,B,2,629,1,,0,0,A
3602,29,3.0,92.55162723466968,59.69832501470804,7.0,4,5.0,1958,0.040242764,B,B,25,3478,11,2729.0,3,1,B
7191,64,1.0,37.18857597658922,36.456984768824064,7.0,1,17.0,1988,0.135649789,B,B,46,7960,6,350.0,3,11,B
12374,84,3.0,80.51089886877011,53.2111902870676,8.0,1,5.0,1953,0.149666373,B,B,22,4789,2,4087.0,4,1,B
14274,47,4.0,101.55065354892908,60.17443519975215,9.0,5,24.0,2011,0.197367951,B,B,8,2423,1,32.0,0,1,B
11180,84,3.0,77.57669799017502,45.82113770220788,10.0,5,17.0,1983,0.006076152,B,B,30,5285,0,645.0,6,6,B
2864,121,1.0,34.0513405985466,20.229874064688577,5.0,3,5.0,1965,0.212515361,B,B,19,3293,16,628.0,3,7,B
12679,43,4.0,90.754032438659,64.51042776180995,7.0,5,5.0,1929,0.212515361,B,B,19,3293,16,628.0,3,7,B
9897,41,2.0,54.13232486276449,33.01516142531034,10.0,5,16.0,1985,0.175054867,B,B,36,10055,3,,1,0,B
11661,21,1.0,36.96362776610617,23.833476492867533,5.0,3,5.0,1967,0.194489265,B,B,47,8004,3,125.0,3,5,B
16434,96,2.0,55.851580982106114,33.61002871054829,9.0,11,14.0,2005,0.041116354,B,B,53,14892,4,,1,4,B
4220,96,3.0,72.2771063144917,45.96875827731828,9.0,17,17.0,1997,0.041116354,B,B,53,14892,4,,1,4,B
12001,2,3.0,80.85583154900019,50.10515129310386,10.0,4,5.0,1960,0.130617806,B,B,39,10418,9,900.0,1,9,B
8932,9,3.0,61.62386642520137,57.05144012680068,6.0,6,9.0,1974,0.13012277,B,B,8,1986,0,,0,0,B
15101,1,3.0,84.90103700601648,,0.0,13,17.0,1977,0.007122317,B,B,1,264,0,,0,1,B
5945,20,3.0,105.67805518215654,64.12309516537597,14.0,13,17.0,2012,0.019508796,B,B,37,7687,11,176.0,5,5,B
3396,102,1.0,35.143063507585005,22.96297346854796,5.0,1,5.0,1961,0.23861713,B,B,26,3889,6,705.0,3,6,B
7117,115,2.0,49.93497480720345,32.57963489819039,8.0,3,12.0,1969,1.8e-09,B,B,16,3681,73,1815.0,2,5,B
3458,101,1.0,19.04389412684894,13.941145028428163,3.0,4,5.0,1970,0.225824954,A,B,41,6558,7,1548.0,3,2,B
6929,12,3.0,81.85000518150925,45.896615288923634,10.0,8,14.0,1996,0.090799103,B,B,74,19083,2,,5,15,B
9409,8,1.0,33.77103192610992,21.58666277754625,6.0,6,9.0,1971,0.458174486,B,A,26,4439,1,1130.0,1,5,B
4172,20,1.0,41.744346802333816,22.21550639117683,8.0,7,17.0,1997,0.019508796,B,B,37,7687,11,176.0,5,5,B
8462,10,2.0,44.498801405388136,31.44981586334553,5.0,4,9.0,1972,0.282797669,B,B,33,8667,2,,0,6,B
2981,27,2.0,68.5818046685945,66.86041349691662,0.0,13,0.0,1977,0.072157581,B,B,2,629,1,,0,0,A
9126,23,3.0,71.29153616189211,,0.0,4,5.0,1977,0.034656082,B,B,0,168,0,,0,0,B
11031,122,3.0,72.40171822425404,46.63353213706645,10.0,5,14.0,1995,0.033493708,B,B,66,10573,1,1322.0,3,8,B
11130,17,3.0,57.934759696675606,41.3787356888664,5.0,6,5.0,1963,0.0,B,B,18,3374,5,620.0,1,2,B
15967,124,2.0,55.63423158835434,35.528120086934344,6.0,8,9.0,1966,0.122090347,B,B,29,6566,7,1894.0,4,0,B
5457,39,1.0,34.11379384230999,19.70563672368716,6.0,3,9.0,1973,0.428825818,B,B,25,5011,8,730.0,0,2,B
15963,48,1.0,43.21995087341279,21.92907163735461,8.0,14,14.0,1986,0.041124634,B,B,46,9515,5,,1,10,B
16496,4,1.0,39.97674931976974,16.914867165125973,9.0,11,2.0,1972,0.327018035,B,B,12,2270,23,2500.0,1,0,B
8041,76,1.0,39.70596909266,19.4053337052889,9.0,8,12.0,1970,0.0,B,B,7,1660,39,1786.0,1,5,B
11636,6,3.0,81.84480941170231,50.46024852292936,9.0,9,17.0,2013,0.243204519,B,B,5,1564,0,540.0,0,0,B
15067,1,1.0,39.475796536491,23.098055032484663,8.0,12,17.0,1992,0.025609157,B,B,33,5261,0,240.0,3,1,B
5282,96,3.0,75.41436182541338,48.65701665455373,10.0,5,14.0,1995,0.041116354,B,B,53,14892,4,,1,4,B
9315,24,2.0,48.64911937235977,29.51102103082904,6.0,6,9.0,1976,0.111627393,B,B,50,12238,8,1970.0,2,3,B
14019,27,2.0,78.71874479987338,,1.0,6,1.0,1977,0.072157581,B,B,2,629,1,,0,0,A
4463,155,3.0,65.3932776018455,45.65928727714166,9.0,4,12.0,1966,0.042307271,B,B,17,2810,9,4849.0,3,6,B
9946,85,2.0,56.38532396302772,35.52689645077102,9.0,3,16.0,1979,0.037177818,B,B,52,11217,1,2300.0,1,7,B
5793,82,2.0,46.80244397331724,28.906196969169606,6.0,3,12.0,1977,0.037316452,B,B,32,6748,93,562.0,4,10,B
13496,30,2.0,62.188907476397134,35.398249554659884,12.0,4,9.0,2019,7.81528e-05,B,B,22,6398,141,1046.0,3,23,B
6068,57,2.0,55.62042545175433,32.64952237937902,8.0,9,16.0,1980,0.133215333,B,B,49,11395,3,1406.0,3,4,A
14297,13,2.0,59.10279460822164,31.566829258193952,11.0,11,14.0,2003,0.090799103,B,B,74,19083,2,,5,15,B
10646,21,1.0,35.477759620461846,22.65600774925548,9.0,1,12.0,1970,0.194489265,B,B,47,8004,3,125.0,3,5,B
7220,96,3.0,80.18249326172486,48.62732598417213,10.0,10,17.0,2003,0.041116354,B,B,53,14892,4,,1,4,B
10897,128,1.0,41.7024105722406,21.19557345451877,8.0,6,14.0,1994,0.0,B,B,27,4798,0,30.0,2,8,B
10123,120,1.0,56.75871242946553,54.91231332224197,1.0,7,7.0,1977,0.341071945,B,B,27,5664,48,2300.0,3,11,B
10413,78,1.0,34.90916277394521,20.35789124212861,6.0,6,9.0,1973,0.092290642,B,B,21,4346,2,165.0,1,2,B
7091,61,3.0,65.45248735802646,41.842307564680645,8.0,11,12.0,1987,0.300322518,B,B,52,10311,6,,1,9,B
18,15,3.0,64.2386714673314,39.263152217715714,8.0,12,12.0,1983,0.158249043,B,B,21,5731,0,,1,0,B
7357,23,3.0,87.779683516247,,1.0,12,17.0,1977,0.075778755,B,B,6,1437,3,,0,2,B
12991,66,1.0,37.95145107382545,21.826794975998144,9.0,2,14.0,1973,0.111627393,B,B,50,12238,8,1970.0,2,3,B
6183,21,2.0,46.56982036483815,31.64756690933532,5.0,3,5.0,1964,0.194489265,B,B,47,8004,3,125.0,3,5,B
9976,1,2.0,70.83097247207438,31.13499870969849,19.0,7,16.0,2009,0.014580716,B,B,3,760,1,,0,0,B
13713,146,1.0,41.24893305425607,20.844322636422117,8.0,5,17.0,1988,0.236108458,B,B,16,3893,27,,3,10,B
13058,6,2.0,52.52369529627976,34.675748344973755,9.0,6,17.0,2016,0.243204519,B,B,5,1564,0,540.0,0,0,B
13631,6,2.0,53.0362479813554,,1.0,14,17.0,1977,0.243204519,B,B,5,1564,0,540.0,0,0,B
4302,23,2.0,59.28841480323838,,1.0,4,17.0,1977,0.075778755,B,B,6,1437,3,,0,2,B
15472,1,2.0,77.50671396453394,,12.0,3,22.0,1977,0.007122317,B,B,1,264,0,,0,1,B
2158,27,2.0,65.64769300184166,60.727850739324296,1.0,8,17.0,2017,0.011654127,B,B,4,915,0,,0,0,B
14562,113,2.0,46.6278823812734,27.05873916075788,5.0,6,5.0,1969,0.307466659,B,A,30,5048,9,325.0,2,5,B
15227,31,3.0,98.64221943398564,54.330062176152566,11.0,18,18.0,2014,0.151346216,B,A,32,5889,10,830.0,4,1,B
2954,101,2.0,66.37993522789452,37.189996377501394,6.0,4,5.0,1957,0.225824954,A,B,41,6558,7,1548.0,3,2,B
6533,1,2.0,64.91958316061056,,10.0,19,22.0,2019,0.007122317,B,B,1,264,0,,0,1,B
4133,93,1.0,45.45706585325193,21.20911704358317,10.0,13,14.0,2013,0.01131981,B,B,2,568,1,,0,0,B
14923,23,1.0,41.75413453545628,,1.0,2,1.0,1977,0.014072961,B,B,2,475,0,,0,0,B
5470,1,3.0,83.55558586910166,,1.0,10,17.0,1977,0.007122317,B,B,1,264,0,,0,1,B
8010,45,1.0,39.21998013253014,,0.0,22,0.0,1977,0.195781053,B,B,23,5212,6,,3,2,B
15350,47,3.0,67.67663405686399,41.15693948167829,7.0,12,12.0,1980,6.99893e-05,B,B,46,10309,1,240.0,1,16,B
4902,62,3.0,63.43377666278678,43.032641630296055,6.0,6,9.0,1977,0.002211665,B,B,39,7614,3,,1,5,A
5902,55,1.0,39.662177596058,14.512235501052508,10.0,11,12.0,1996,0.041365446,B,B,31,5569,0,,1,4,B
14371,9,1.0,37.47855195742446,19.48252568606461,7.0,15,17.0,1993,0.069753361,B,B,53,13670,4,,1,11,B
56,8,2.0,65.81016592669467,36.66376811484208,12.0,4,17.0,2006,0.092290642,B,B,21,4346,2,165.0,1,2,B
3586,96,1.0,36.397855790376646,15.688535604693543,9.0,5,17.0,2003,0.041116354,B,B,53,14892,4,,1,4,B
15451,18,1.0,40.00475499775997,23.03941890370347,9.0,8,25.0,2000,0.0,B,B,30,5562,0,,0,5,A
13931,138,2.0,43.69853923637347,26.41510393522152,5.0,4,5.0,1963,0.0,B,B,36,6714,2,2672.0,0,2,B
2798,27,1.0,30.161022425479494,16.787412908779043,6.0,4,5.0,1974,0.211401214,B,B,9,1892,0,,0,1,B
7766,62,1.0,42.025773444829504,23.477270004349588,8.0,10,17.0,1989,0.002211665,B,B,39,7614,3,,1,5,A
15056,90,2.0,55.5000286759737,33.230080630095884,8.0,5,17.0,1989,0.246031548,B,A,22,3151,4,2715.0,3,3,B
2495,47,1.0,34.06686542417438,18.096961100651004,6.0,7,12.0,1978,0.101872465,B,B,23,4583,3,,3,3,B
8808,119,2.0,46.198854171111,32.8420639512144,5.0,2,5.0,1963,0.000995363,B,B,42,7651,1,,1,5,B
16531,93,3.0,136.38939120926491,136.68919128618822,0.0,1,1.0,1977,0.004949358,B,B,0,186,0,,0,0,B
2340,58,3.0,66.6812516064256,38.34569917998227,11.0,4,12.0,1996,0.1489038909999999,B,B,9,1952,1,1430.0,3,2,B
6580,1,1.0,66.07746612396379,66.43523136993767,1.0,15,17.0,1977,0.007122317,B,B,1,264,0,,0,1,B
5935,119,1.0,40.474493596525015,19.95855187800395,7.0,5,17.0,2004,0.033493708,B,B,66,10573,1,1322.0,3,8,B
6973,29,1.0,38.203350949698745,21.558270894980048,7.0,5,5.0,1964,0.069660344,B,B,31,6119,4,,1,2,B
6779,98,2.0,54.971508534788846,30.93432712537425,11.0,13,16.0,1978,0.195781053,B,B,23,5212,6,,3,2,B
16750,74,2.0,51.15740339100298,48.62978589972374,0.0,5,3.0,2017,0.075778755,B,B,6,1437,3,,0,2,B
3681,111,3.0,79.434938829636,53.210317202662814,8.0,6,12.0,1987,0.093442564,B,B,23,4635,5,3300.0,2,4,B
8436,27,3.0,75.65889624380469,76.82530082446353,10.0,8,17.0,2013,0.011654127,B,B,4,915,0,,0,0,B
1228,6,2.0,70.5774392965824,,1.0,7,17.0,1977,0.243204519,B,B,5,1564,0,540.0,0,0,B
7343,27,2.0,68.17862676284905,,10.0,19,22.0,1977,0.211401214,B,B,9,1892,0,,0,1,B
14287,39,1.0,33.91288312618613,19.44577585644332,6.0,4,9.0,1971,0.428825818,B,B,25,5011,8,730.0,0,2,B
11324,21,2.0,48.69847973975818,33.21282420864376,5.0,5,5.0,1964,0.034331497,B,B,25,5487,3,,0,4,B
10511,119,2.0,55.34898560041994,31.514093333981062,8.0,18,17.0,1997,0.000995363,B,B,42,7651,1,,1,5,B
11148,52,1.0,38.55695812287279,,1.0,4,17.0,1977,0.371148999,B,B,34,7065,1,750.0,2,5,B
5377,6,3.0,79.78620443302081,48.667722484615815,12.0,3,17.0,1982,0.243204519,B,B,5,1564,0,540.0,0,0,B
7132,12,1.0,41.98042970567937,21.98189159176192,8.0,10,12.0,1983,0.090799103,B,B,74,19083,2,,5,15,B
10623,27,2.0,70.1097000340461,68.37385449430646,11.0,12,17.0,1977,0.072157581,B,B,2,629,1,,0,0,A
12434,35,2.0,62.28974716718402,,1.0,18,17.0,2016,0.089039719,B,B,33,7976,5,,0,11,B
12409,19,3.0,81.95835167141978,48.94254118943232,10.0,18,17.0,1996,0.000991363,B,B,33,6783,3,,1,9,B
16741,99,1.0,38.445139225327495,25.629777789912467,6.0,8,9.0,1976,0.012338886,B,B,35,5776,1,2078.0,2,4,B
5361,53,3.0,80.10210310555553,,1.0,13,22.0,1977,0.049637257,B,B,34,7759,0,229.0,1,3,B
10624,46,4.0,103.74311687771538,64.80375669583208,10.0,21,22.0,1988,0.188783766,B,B,31,6137,4,,0,1,B
8973,58,1.0,53.715807460945214,,1.0,8,1.0,1977,0.43788524,B,B,23,5735,3,1084.0,0,5,B
2227,101,1.0,32.192068209970934,23.395410751352628,5.0,5,5.0,1966,0.225824954,A,B,41,6558,7,1548.0,3,2,B
13771,27,2.0,57.79582814583778,,1.0,9,15.0,2015,0.011654127,B,B,4,915,0,,0,0,B
8002,135,3.0,57.6001936740121,37.79413881995215,5.0,6,5.0,1965,0.007658515,B,B,35,7077,56,2301.0,3,19,B
11663,42,1.0,40.048098831463406,23.554404763693128,7.0,10,17.0,2006,0.158249043,B,B,21,5731,0,,1,0,B
9205,120,2.0,85.91182654959276,4.188395456748467,1.0,5,1.0,2016,0.341071945,B,B,27,5664,48,2300.0,3,11,B
11908,101,2.0,42.884858508302095,24.81938440195423,7.0,10,12.0,1966,0.225824954,A,B,41,6558,7,1548.0,3,2,B
14217,58,2.0,66.2596678437732,34.05873535715508,12.0,14,17.0,2011,0.050755569,B,B,24,5469,1,145.0,0,1,B
15652,9,1.0,45.63248019399702,20.384021962561462,8.0,10,14.0,1995,0.161531741,B,B,25,5648,1,30.0,2,4,B
13573,61,1.0,46.06281490710816,22.926040179586423,8.0,12,12.0,1980,0.300322518,B,B,52,10311,6,,1,9,B
9671,45,2.0,75.62161610122911,62.88656908678546,1.0,15,14.0,2015,0.195781053,B,B,23,5212,6,,3,2,B
15482,111,2.0,60.31227852471061,35.07816643921586,10.0,24,22.0,1999,0.093442564,B,B,23,4635,5,3300.0,2,4,B
9243,23,1.0,41.92455412046397,,1.0,16,17.0,1977,0.075778755,B,B,6,1437,3,,0,2,B
13133,61,3.0,64.6180322495841,47.29265345306051,6.0,7,9.0,1969,0.298204575,B,B,16,4048,3,,1,3,B
14691,13,3.0,74.35745648870353,46.16676743604632,10.0,6,10.0,1999,0.090799103,B,B,74,19083,2,,5,15,B
5859,46,1.0,33.00404344745182,19.34169240685324,6.0,8,12.0,1972,0.0,B,B,47,11319,0,1145.0,3,5,B
4558,23,1.0,32.00855803327691,31.81697141768541,1.0,9,17.0,2017,0.034656082,B,B,0,168,0,,0,0,B
3630,23,3.0,68.58456116516244,,1.0,4,4.0,1977,0.034656082,B,B,0,168,0,,0,0,B
9025,74,2.0,79.95089442890368,41.37454579779746,16.0,15,17.0,2015,0.309479124,B,B,35,7715,4,990.0,0,6,B
9093,26,2.0,45.72973678818752,28.8965516946566,5.0,4,5.0,1965,0.0,B,B,36,6714,2,2672.0,0,2,B
5038,58,2.0,53.19004149713789,10.816032672663471,9.0,15,14.0,2005,0.050755569,B,B,24,5469,1,145.0,0,1,B
14106,6,2.0,67.93371378171004,,12.0,11,17.0,1977,0.243204519,B,B,5,1564,0,540.0,0,0,B
4141,94,4.0,96.93312720933692,96.2829009845397,8.0,18,22.0,2015,0.282797669,B,B,33,8667,2,,0,6,B
11924,45,1.0,31.772402958121138,19.530045971306823,5.0,5,5.0,1964,0.014423114,B,B,19,3806,4,,0,3,B
7354,85,1.0,38.1071942680484,20.208733367928065,9.0,13,16.0,1982,0.037177818,B,B,52,11217,1,2300.0,1,7,B
7228,1,3.0,81.29712942059656,,1.0,18,17.0,1977,0.007122317,B,B,1,264,0,,0,1,B
13074,27,2.0,63.8475951900427,62.85608013662533,1.0,4,22.0,2015,0.211401214,B,B,9,1892,0,,0,1,B
9337,94,1.0,37.57559941415215,22.02513693264013,8.0,7,16.0,1977,0.282797669,B,B,33,8667,2,,0,6,B
8926,166,3.0,80.36343246530713,57.64573703639207,9.0,4,8.0,1957,0.174739084,B,B,17,3379,9,100.0,0,3,B
4124,101,1.0,43.99894233473899,18.04141670168737,8.0,8,14.0,2008,0.225824954,A,B,41,6558,7,1548.0,3,2,B
3679,30,1.0,43.8437864463592,,1.0,21,22.0,2015,7.81528e-05,B,B,22,6398,141,1046.0,3,23,B
8884,47,2.0,44.82819747726303,31.974486374710864,5.0,4,5.0,1968,0.298204575,B,B,16,4048,3,,1,3,B
2181,95,2.0,63.62035543591362,43.085218322210366,6.0,6,6.0,1929,0.341071945,B,B,27,5664,48,2300.0,3,11,B
876,55,1.0,38.47734324565155,22.510626753619174,8.0,11,17.0,1989,0.041365446,B,B,31,5569,0,,1,4,B
4161,148,1.0,33.61470547882279,19.08933868366617,5.0,10,9.0,1965,0.313924552,B,B,22,4625,11,3855.0,2,10,B
2610,6,2.0,58.05739508599728,56.92226191867434,1.0,16,16.0,1977,0.243204519,B,B,5,1564,0,540.0,0,0,B
12953,170,3.0,82.43411452510243,53.30585522413501,8.0,14,14.0,1975,0.21843974,B,B,21,4472,6,1450.0,4,7,A
3653,29,1.0,39.5781565889018,37.39354022951135,5.0,10,9.0,1974,0.040242764,B,B,25,3478,11,2729.0,3,1,B
10419,85,4.0,65.78695277974502,47.2495872850775,6.0,8,9.0,1981,0.037177818,B,B,52,11217,1,2300.0,1,7,B
13728,53,1.0,33.395065983568514,20.304712187662137,7.0,6,9.0,1971,0.049637257,B,B,34,7759,0,229.0,1,3,B
9178,8,1.0,43.83424787328347,20.470115793808343,8.0,8,12.0,1981,0.219006007,B,B,28,6746,3,,1,4,B
5206,23,3.0,87.14014359156602,51.495990647414494,14.0,2,9.0,1977,0.034656082,B,B,0,168,0,,0,0,B
16789,128,2.0,56.85609336931938,30.515712245388013,8.0,9,14.0,1998,0.041116354,B,B,53,14892,4,,1,4,B
13493,148,1.0,35.559182370248045,21.150997318509877,5.0,5,5.0,1963,0.313924552,B,B,22,4625,11,3855.0,2,10,B
9835,1,2.0,55.56315297754519,,1.0,8,17.0,1977,0.007122317,B,B,1,264,0,,0,1,B
8659,96,2.0,54.13441295038548,29.385070452519127,7.0,9,15.0,2009,0.041116354,B,B,53,14892,4,,1,4,B
2850,23,3.0,78.37488475899826,,1.0,25,25.0,1977,0.075778755,B,B,6,1437,3,,0,2,B
7160,67,1.0,42.74786783686952,,1.0,22,22.0,1977,0.0077202819999999,B,B,38,4788,2,,0,4,B
13277,32,2.0,41.43983211014564,27.04813003653353,6.0,12,14.0,1970,0.135649789,B,B,46,7960,6,350.0,3,11,B
7621,27,2.0,59.458718996718005,,1.0,13,13.0,1977,0.072157581,B,B,2,629,1,,0,0,A
4974,35,1.0,44.48147638192804,35.85557669810768,10.0,6,17.0,2015,0.089039719,B,B,33,7976,5,,0,11,B
3001,140,1.0,34.93945068699387,18.416924574163826,6.0,4,5.0,1961,0.23861713,B,B,26,3889,6,705.0,3,6,B
6449,23,2.0,62.15000161643722,,1.0,14,24.0,1977,0.034656082,B,B,0,168,0,,0,0,B
5868,30,2.0,69.4834656139402,,1.0,2,1.0,1977,7.81528e-05,B,B,22,6398,141,1046.0,3,23,B
11684,69,3.0,69.96455390877081,48.465956488248814,7.0,12,16.0,1988,0.000991363,B,B,33,6783,3,,1,9,B
3484,85,3.0,54.10038338989246,35.039397141849435,6.0,7,9.0,1977,0.037177818,B,B,52,11217,1,2300.0,1,7,B
10309,66,1.0,32.64855007706279,22.41284448955264,5.0,1,4.0,1963,0.111627393,B,B,50,12238,8,1970.0,2,3,B
10150,15,3.0,98.92165680399197,56.69156006031857,11.0,13,17.0,2008,0.158249043,B,B,21,5731,0,,1,0,B
11099,1,1.0,36.007752888595746,35.4243199437779,9.0,5,17.0,2010,0.025609157,B,B,33,5261,0,240.0,3,1,B
13961,6,1.0,41.2614815992919,37.22608037106515,1.0,7,17.0,2016,0.243204519,B,B,5,1564,0,540.0,0,0,B
16221,23,3.0,69.37112564270639,,1.0,3,3.0,1977,0.005767451,B,B,1,388,0,,0,0,B
2931,48,3.0,62.80668159333022,48.64271171191012,6.0,5,12.0,1980,0.041124634,B,B,46,9515,5,,1,10,B
8377,163,2.0,49.38371045457262,32.942613319451254,9.0,10,12.0,1977,0.007658515,B,B,35,7077,56,2301.0,3,19,B
4548,26,1.0,45.121576162958114,20.576724710244697,10.0,21,22.0,2012,0.1363303,B,B,30,6141,10,262.0,3,6,B
6322,8,1.0,35.282441197158064,18.22860281484161,6.0,7,12.0,1980,0.458174486,B,A,26,4439,1,1130.0,1,5,B
14879,105,2.0,35.873717265974456,23.486194417928964,5.0,8,9.0,1974,0.069660344,B,B,31,6119,4,,1,2,B
10486,6,1.0,42.5163353717777,,7.0,13,17.0,1977,0.243204519,B,B,5,1564,0,540.0,0,0,B
14496,30,2.0,63.17771031072106,,1.0,4,17.0,1977,7.81528e-05,B,B,22,6398,141,1046.0,3,23,B
14321,27,1.0,50.47678621936651,21.06689297940125,1.0,14,12.0,2016,0.017647053,B,B,2,469,0,,0,0,B
6976,120,2.0,82.76172045345021,,1.0,18,1.0,1977,0.341071945,B,B,27,5664,48,2300.0,3,11,B
11972,27,2.0,65.66091478699704,60.67694868236322,7.0,3,1.0,2017,0.017647053,B,B,2,469,0,,0,0,B
13370,80,3.0,61.55613729990032,43.99439690268075,5.0,4,9.0,1978,0.0,B,B,39,8647,0,810.0,0,5,B
10950,42,2.0,55.89831490068351,31.37936501394752,9.0,12,14.0,2007,0.158249043,B,B,21,5731,0,,1,0,B
9199,58,2.0,64.51092788214588,,1.0,3,3.0,1977,0.43788524,B,B,23,5735,3,1084.0,0,5,B
13419,46,3.0,66.50319055848914,44.951469834983904,9.0,7,12.0,1970,0.188783766,B,B,31,6137,4,,0,1,B
8441,90,2.0,49.23517791064016,32.86714121134105,5.0,5,5.0,1966,0.265088676,B,B,37,5288,0,1937.0,3,2,B
11371,30,1.0,37.86295552779981,,1.0,8,17.0,1977,7.81528e-05,B,B,22,6398,141,1046.0,3,23,B
3078,6,1.0,41.62266636907175,20.375135662386576,7.0,9,17.0,2015,0.243204519,B,B,5,1564,0,540.0,0,0,B
4600,145,2.0,61.93324195395563,36.95878055129681,10.0,16,17.0,1989,0.0,B,B,30,5562,0,,0,5,A
4395,27,2.0,57.78778799180313,35.24606736399442,9.0,3,10.0,1997,0.041116354,B,B,53,14892,4,,1,4,B
8594,101,1.0,37.62567492069478,19.47101763257688,8.0,4,5.0,1962,0.225824954,A,B,41,6558,7,1548.0,3,2,B
12611,8,1.0,30.68783591940576,19.77401395339656,6.0,7,5.0,1964,0.458174486,B,A,26,4439,1,1130.0,1,5,B
14358,67,1.0,43.85707863238357,46.22643307356097,1.0,20,22.0,1977,0.0077202819999999,B,B,38,4788,2,,0,4,B
13565,93,1.0,36.2036766927091,22.852565503579747,6.0,3,9.0,1975,0.521867054,B,B,25,6149,0,,0,0,B
947,74,2.0,66.79384142526611,36.75044300718617,12.0,10,23.0,2008,0.371148999,B,B,34,7065,1,750.0,2,5,B
329,52,3.0,83.47977041020677,,1.0,9,17.0,1977,0.371148999,B,B,34,7065,1,750.0,2,5,B
14538,101,2.0,46.73646768430394,30.058232829342977,5.0,2,5.0,1964,0.225824954,A,B,41,6558,7,1548.0,3,2,B
12482,116,2.0,38.8503097301713,39.594067728264434,6.0,5,9.0,1965,0.341071945,B,B,27,5664,48,2300.0,3,11,B
14788,6,1.0,38.26917330379148,,1.0,6,17.0,2017,0.243204519,B,B,5,1564,0,540.0,0,0,B
9993,12,3.0,64.12578704883467,44.08650734525504,6.0,7,9.0,1979,0.090799103,B,B,74,19083,2,,5,15,B
15983,6,1.0,43.68624611673644,,0.0,16,17.0,1977,0.243204519,B,B,5,1564,0,540.0,0,0,B
7595,28,2.0,66.51211234971221,33.14612752836327,10.0,9,23.0,2009,0.333891544,B,B,30,6564,1,,0,0,B
12612,27,2.0,60.98849587283957,33.646726123725394,60.0,5,17.0,2013,0.072157581,B,B,2,629,1,,0,0,A
211,27,1.0,44.783509650140665,,0.0,5,0.0,1977,0.072157581,B,B,2,629,1,,0,0,A
5818,6,1.0,39.47110714676914,2.2063103458855937,0.0,6,17.0,2016,0.243204519,B,B,5,1564,0,540.0,0,0,B
2106,2,2.0,46.312495973999866,31.9538060093018,6.0,8,9.0,1970,0.309479124,B,B,35,7715,4,990.0,0,6,B
10975,118,2.0,59.111711460305386,34.192309961403,8.0,8,10.0,1959,0.21843974,B,B,21,4472,6,1450.0,4,7,A
12203,52,1.0,40.06185124164293,41.76740245741391,0.0,10,17.0,1977,0.371148999,B,B,34,7065,1,750.0,2,5,B
1874,48,1.0,34.32364824495153,22.744367925898253,6.0,4,4.0,1964,0.035145267,B,B,42,9292,3,2620.0,0,3,B
2314,6,1.0,40.060486608886976,,10.0,8,17.0,1977,0.243204519,B,B,5,1564,0,540.0,0,0,B
5099,6,1.0,41.50104016449672,,0.0,18,0.0,1977,0.243204519,B,B,5,1564,0,540.0,0,0,B
15077,134,2.0,61.66440554905768,,1.0,8,1.0,2016,0.212515361,B,B,19,3293,16,628.0,3,7,B
10625,86,2.0,69.01813237923352,39.72563173300711,10.0,6,4.0,1950,0.161975568,B,A,31,7010,5,4508.0,3,7,B
11376,75,1.0,41.42450603526496,19.919534270664226,8.0,13,17.0,2000,0.122090347,B,B,29,6566,7,1894.0,4,0,B
3685,48,2.0,81.9599702666736,83.0115100254765,11.0,21,25.0,2015,0.041124634,B,B,46,9515,5,,1,10,B
7134,30,2.0,64.22692249579332,,1.0,16,17.0,1977,7.81528e-05,B,B,22,6398,141,1046.0,3,23,B
11680,129,1.0,35.24725088055907,18.87553262085369,6.0,3,9.0,1971,0.020741326,B,B,24,5613,5,1340.0,2,5,B
8466,6,2.0,66.27001382580022,,0.0,13,17.0,1977,0.243204519,B,B,5,1564,0,540.0,0,0,B
3838,91,1.0,35.42188616078273,22.464262983375303,5.0,2,9.0,1967,0.000995363,B,B,42,7651,1,,1,5,B
2472,1,2.0,64.25799527880186,,1.0,12,20.0,1977,0.007122317,B,B,1,264,0,,0,1,B
10260,6,2.0,66.36818566355153,,0.0,19,17.0,1977,0.243204519,B,B,5,1564,0,540.0,0,0,B
10704,52,2.0,51.92149100340754,,1.0,6,17.0,1977,0.371148999,B,B,34,7065,1,750.0,2,5,B
16143,6,3.0,79.96525310380406,44.15705394089216,13.0,2,25.0,2018,0.243204519,B,B,5,1564,0,540.0,0,0,B
10694,23,2.0,54.24733604358449,,1.0,9,12.0,1977,0.034656082,B,B,0,168,0,,0,0,B
9974,126,1.0,32.10759349977772,18.155673102979765,5.0,4,5.0,1963,0.486245621,B,B,13,2514,19,,0,6,B
269,72,2.0,43.513289771860215,31.630247170939107,5.0,5,5.0,1960,0.210473241,B,B,11,2398,2,1994.0,3,0,B
15960,17,3.0,67.73089105109847,47.37240755135529,8.0,8,8.0,1961,0.0,B,B,25,5027,4,46.0,1,1,B
5140,1,1.0,47.0104306954243,22.589821519909982,9.0,20,27.0,2016,0.007122317,B,B,1,264,0,,0,1,B
5860,1,1.0,49.11291550234776,,1.0,5,0.0,1977,0.007122317,B,B,1,264,0,,0,1,B
9623,154,1.0,39.72081427403249,21.49834481317311,9.0,13,12.0,1970,0.460556389,B,B,20,4386,14,,1,5,B
11492,129,2.0,45.4939952554144,30.82849292692693,7.0,6,8.0,1963,0.020741326,B,B,24,5613,5,1340.0,2,5,B
11890,1,2.0,66.68329504773018,,1.0,6,17.0,1977,0.007122317,B,B,1,264,0,,0,1,B
14483,101,1.0,36.34213591075008,18.27552476716469,10.0,6,12.0,1970,0.038692987,B,B,28,6533,1,1015.0,2,5,B
16748,13,2.0,58.35951524675748,32.88535740580276,9.0,16,17.0,2001,0.090799103,B,B,74,19083,2,,5,15,B
4679,30,2.0,33.44430622348324,30.72658478561685,5.0,5,5.0,1968,7.81528e-05,B,B,22,6398,141,1046.0,3,23,B
5529,5,3.0,104.95680645684295,103.02163388055138,1.0,10,25.0,2015,0.150817539,B,B,16,3433,4,2643.0,4,5,B
7239,6,1.0,41.236986046787294,,1.0,23,25.0,1977,0.243204519,B,B,5,1564,0,540.0,0,0,B
3319,48,2.0,50.62700649726228,48.79007897495828,6.0,12,12.0,1981,0.041124634,B,B,46,9515,5,,1,10,B
10702,100,1.0,34.77799263131417,20.789409410796186,9.0,3,12.0,1970,0.200146802,B,B,23,3975,8,770.0,2,0,B
8931,9,3.0,88.90062789819622,51.15029133990633,10.0,9,13.0,2016,0.161531741,B,B,25,5648,1,30.0,2,4,B
13377,7,2.0,58.63953537985844,33.64345751818232,10.0,10,16.0,1973,0.130617806,B,B,39,10418,9,900.0,1,9,B
11265,34,3.0,83.82724048818885,80.53799625700981,10.0,24,25.0,2015,0.069753361,B,B,53,13670,4,,1,11,B
8578,67,3.0,61.19966715907822,47.45364056334008,6.0,3,9.0,1977,0.100455735,B,B,43,7227,0,,1,6,A
7989,101,1.0,37.6255169935725,23.09124649553917,0.0,10,9.0,1977,0.038692987,B,B,28,6533,1,1015.0,2,5,B
1134,27,2.0,69.88461100475641,3.048860423389085,1.0,9,17.0,1977,0.072157581,B,B,2,629,1,,0,0,A
13453,13,2.0,64.0284445542039,35.12994731406149,10.0,14,22.0,1998,0.090799103,B,B,74,19083,2,,5,15,B
15341,13,2.0,54.40969028447441,33.223632015030624,9.0,11,18.0,1999,0.090799103,B,B,74,19083,2,,5,15,B
13034,57,3.0,76.10348010201874,76.88374127857115,10.0,8,14.0,2003,0.090799103,B,B,74,19083,2,,5,15,B
2493,85,1.0,44.66874910326479,,1.0,9,1.0,1977,0.072157581,B,B,2,629,1,,0,0,A
14094,21,1.0,45.612502091484096,24.903593208429537,8.0,6,14.0,1993,0.194489265,B,B,47,8004,3,125.0,3,5,B
5980,99,3.0,62.83106276697863,40.25452330575773,6.0,4,9.0,1972,0.012338886,B,B,35,5776,1,2078.0,2,4,B
13263,30,1.0,38.482805623120726,22.042311305863453,1.0,7,1.0,1977,7.81528e-05,B,B,22,6398,141,1046.0,3,23,B
5857,26,1.0,56.68845982053818,2.132381476612484,1.0,8,20.0,2013,0.0,B,B,36,6714,2,2672.0,0,2,B
1324,27,3.0,79.74509231883306,,1.0,4,17.0,1977,0.011654127,B,B,4,915,0,,0,0,B
15546,44,1.0,37.79326669905629,19.93889338482564,7.0,14,17.0,2008,0.232205084,B,B,24,4860,1,80.0,0,3,B
5549,27,2.0,78.15355270632129,,1.0,15,12.0,1977,0.072157581,B,B,2,629,1,,0,0,A
2853,100,3.0,54.36480078436078,39.79244310252296,5.0,4,5.0,1961,0.049863387,B,B,18,3746,9,75.0,3,1,B
5692,170,3.0,74.82247001109343,48.856426386815855,10.0,4,17.0,1989,0.21843974,B,B,21,4472,6,1450.0,4,7,A
3993,27,2.0,63.9360405195396,29.62213103328339,14.0,4,3.0,2016,0.011654127,B,B,4,915,0,,0,0,B
7991,7,1.0,38.53303673000283,37.94709994162268,1.0,2,16.0,1986,0.130617806,B,B,39,10418,9,900.0,1,9,B
7221,23,3.0,77.14029916443603,,1.0,21,25.0,1977,0.075778755,B,B,6,1437,3,,0,2,B
11604,1,2.0,69.76718075794041,,1.0,15,24.0,1977,0.007122317,B,B,1,264,0,,0,1,B
12212,27,2.0,69.23909060261579,,10.0,16,16.0,1977,0.072157581,B,B,2,629,1,,0,0,A
2825,8,2.0,62.64316081071747,33.442774413492735,10.0,13,22.0,2005,0.43788524,B,B,23,5735,3,1084.0,0,5,B
11070,69,3.0,115.00822310564192,66.04560647734071,11.0,13,24.0,2010,0.000991363,B,B,33,6783,3,,1,9,B
6507,62,2.0,44.80515341555724,31.05836514326758,6.0,3,9.0,1978,0.002211665,B,B,39,7614,3,,1,5,A
10174,23,2.0,65.08337561001247,,1.0,6,17.0,1977,0.075778755,B,B,6,1437,3,,0,2,B
3648,8,1.0,41.92266325735349,40.14466501165563,8.0,7,17.0,1991,0.43788524,B,B,23,5735,3,1084.0,0,5,B
8558,1,1.0,46.51797657382706,46.89152135890333,10.0,24,24.0,2017,0.007122317,B,B,1,264,0,,0,1,B
1845,46,1.0,33.72159411912663,17.694860976983485,5.0,4,5.0,1966,0.0,B,B,47,11319,0,1145.0,3,5,B
3848,23,3.0,49.64602982741851,33.89382537068284,6.0,2,2.0,1965,0.014072961,B,B,2,475,0,,0,0,B
9595,28,1.0,38.30621794005247,18.763480003319486,10.0,9,19.0,1976,0.118537385,B,B,30,6207,1,1183.0,1,0,B
2291,54,2.0,74.26563460694476,78.77043649351026,1.0,9,9.0,1977,0.006076152,B,B,30,5285,0,645.0,6,6,B
14629,22,1.0,41.10851083432255,,1.0,4,17.0,1977,0.118537385,B,B,30,6207,1,1183.0,1,0,B
5347,45,1.0,40.571864946293786,21.152649914653534,6.0,4,5.0,1960,0.014423114,B,B,19,3806,4,,0,3,B
4058,27,6.0,223.453688810856,104.11355236935852,16.0,2,2.0,2017,0.041116354,B,B,53,14892,4,,1,4,B
15257,8,2.0,48.98689856857442,29.127550762761512,5.0,9,9.0,1969,0.458174486,B,A,26,4439,1,1130.0,1,5,B
12275,8,3.0,78.58179203999306,43.98394635479697,10.0,7,14.0,2010,0.43788524,B,B,23,5735,3,1084.0,0,5,B
14461,38,1.0,37.40637225939317,26.255910261370783,7.0,4,9.0,1965,0.060753049,B,B,15,2787,2,520.0,0,7,B
4849,23,1.0,33.989705343871414,28.426488226864,1.0,3,9.0,2016,0.034656082,B,B,0,168,0,,0,0,B
13786,27,2.0,63.514513622638646,34.66605000422544,1.0,6,1.0,2015,0.017647053,B,B,2,469,0,,0,0,B
10782,18,1.0,43.899196544135286,20.97551042498305,8.0,9,14.0,1985,0.0,B,B,30,5562,0,,0,5,A
5436,48,1.0,35.960618022261656,21.599896061488227,6.0,9,9.0,1980,0.041124634,B,B,46,9515,5,,1,10,B
10604,191,1.0,56.7438446417274,32.96492516417073,9.0,15,16.0,1986,0.127375905,B,B,43,8429,3,,3,9,B
9602,32,2.0,61.93505830937663,36.34872803024408,10.0,17,22.0,2010,0.135649789,B,B,46,7960,6,350.0,3,11,B
16394,23,1.0,53.77527789755955,,1.0,3,4.0,1977,0.014072961,B,B,2,475,0,,0,0,B
16182,18,3.0,80.78475292627712,52.12130941476329,8.0,4,8.0,1985,0.0,B,B,30,5562,0,,0,5,A
9869,25,3.0,76.65524327999681,42.94073122236497,10.0,13,11.0,1998,0.069753361,B,B,53,13670,4,,1,11,B
10559,27,1.0,42.06369692074535,41.012215389929146,1.0,3,9.0,2016,0.011654127,B,B,4,915,0,,0,0,B
7227,34,1.0,52.12702870114566,,9.0,13,25.0,2017,0.069753361,B,B,53,13670,4,,1,11,B
15321,63,1.0,59.18363185293994,55.38315887944349,1.0,19,17.0,2019,0.23861713,B,B,26,3889,6,705.0,3,6,B
12526,6,2.0,64.00979631466471,68.50953909652075,12.0,14,17.0,2016,0.243204519,B,B,5,1564,0,540.0,0,0,B
756,85,3.0,77.29324421012132,50.57468074648008,10.0,14,16.0,1982,0.037177818,B,B,52,11217,1,2300.0,1,7,B
2475,84,2.0,60.16873064759545,35.8401773342888,7.0,4,5.0,1957,0.149666373,B,B,22,4789,2,4087.0,4,1,B
6464,47,3.0,78.2328066471888,48.90598838547124,10.0,16,16.0,1981,0.101872465,B,B,23,4583,3,,3,3,B
3897,27,2.0,68.42786121123918,64.098690321507,1.0,10,10.0,2015,0.01405792,B,B,1,290,0,,0,0,B
7251,5,3.0,67.56685140080488,47.50794413577214,9.0,9,14.0,1973,0.150817539,B,B,16,3433,4,2643.0,4,5,B
11029,30,1.0,31.73762464318432,32.104178356122496,8.0,26,25.0,2016,7.81528e-05,B,B,22,6398,141,1046.0,3,23,B
307,97,1.0,38.89710093888839,23.787833291632648,6.0,2,4.0,1962,0.486245621,B,B,13,2514,19,,0,6,B
12078,139,2.0,48.2706337160088,34.578522363463875,5.0,4,5.0,1962,0.122090347,B,B,29,6566,7,1894.0,4,0,B
8591,145,2.0,54.07228727725583,32.343650686103224,9.0,13,17.0,2005,0.246031548,B,A,22,3151,4,2715.0,3,3,B
10205,44,3.0,80.89178661685754,44.8916860542416,12.0,16,14.0,2007,0.232205084,B,B,24,4860,1,80.0,0,3,B
14338,27,1.0,48.15957100067676,45.67607831130163,1.0,3,1.0,1977,0.072157581,B,B,2,629,1,,0,0,A
9557,24,2.0,50.75225063303423,31.094334443232512,6.0,7,5.0,1960,0.111627393,B,B,50,12238,8,1970.0,2,3,B
6331,157,2.0,53.570865114447386,36.70597346329551,8.0,3,8.0,1961,0.0,B,B,30,7538,87,4702.0,5,5,B
9415,74,1.0,47.65535875687625,,1.0,3,1.0,1977,0.075778755,B,B,6,1437,3,,0,2,B
7266,61,1.0,36.12346824080775,19.68352792763189,6.0,4,9.0,1978,0.300322518,B,B,52,10311,6,,1,9,B
2988,63,1.0,47.85458714614494,49.13526438712103,1.0,8,25.0,2017,0.23861713,B,B,26,3889,6,705.0,3,6,B
10878,28,3.0,72.40843458128478,48.07791022147955,7.0,4,5.0,1959,0.118537385,B,B,30,6207,1,1183.0,1,0,B
16666,17,2.0,57.40806102739092,32.5176978873417,8.0,27,25.0,2002,0.0,B,B,18,3374,5,620.0,1,2,B
11023,138,1.0,42.88464871409303,19.60640219842965,7.0,19,17.0,2012,0.0,B,B,36,6714,2,2672.0,0,2,B
2547,67,2.0,45.60113015459636,27.00292066617168,6.0,2,9.0,1975,0.100455735,B,B,43,7227,0,,1,6,A
62,37,2.0,44.13020457528306,25.850512885240175,5.0,5,5.0,1963,0.122190486,B,B,25,4724,2,1308.0,1,3,B
14329,37,2.0,60.65100869429421,44.72805650305296,10.0,14,22.0,2016,0.178916796,B,B,18,3594,4,192.0,1,5,B
16065,94,2.0,54.17208655037579,31.40039804288849,7.0,13,17.0,2001,0.521867054,B,B,25,6149,0,,0,0,B
10962,9,3.0,77.07321170375477,44.78487681544152,10.0,9,14.0,1992,0.161531741,B,B,25,5648,1,30.0,2,4,B
5974,124,3.0,72.26502604053701,44.4778111597738,9.0,9,14.0,1988,0.122090347,B,B,29,6566,7,1894.0,4,0,B
5863,23,1.0,41.84689698611122,41.48014409045096,1.0,9,17.0,1977,0.075778755,B,B,6,1437,3,,0,2,B
3927,103,1.0,37.70311822947968,23.780611724029704,9.0,15,16.0,1984,0.0006991189999999,B,B,14,3369,24,4129.0,0,3,B
7924,79,2.0,59.10899824460973,31.05475299284512,13.0,2,25.0,2014,0.307466659,B,A,30,5048,9,325.0,2,5,B
13502,75,1.0,39.5059260782714,21.97881527681596,9.0,11,12.0,1972,0.307466659,B,A,30,5048,9,325.0,2,5,B
16235,55,2.0,56.567460574005366,36.72320689161747,9.0,16,17.0,1998,0.041365446,B,B,31,5569,0,,1,4,B
5701,45,2.0,60.15191650192974,59.98277669169961,11.0,13,17.0,2016,0.195781053,B,B,23,5212,6,,3,2,B
14255,2,1.0,34.16364847201171,20.129265134699885,7.0,6,9.0,1970,0.309479124,B,B,35,7715,4,990.0,0,6,B
7201,75,1.0,38.23667716648407,23.37185404177729,9.0,15,16.0,1978,0.307466659,B,A,30,5048,9,325.0,2,5,B
3801,78,3.0,84.2392213788685,55.41358040794088,10.0,6,14.0,2001,0.092290642,B,B,21,4346,2,165.0,1,2,B
13374,111,3.0,61.47639113111411,41.36174174915504,5.0,10,9.0,1974,0.135649789,B,B,46,7960,6,350.0,3,11,B
1510,88,3.0,62.36754608180144,45.03172269790953,5.0,9,9.0,1974,0.127375905,B,B,43,8429,3,,3,9,B
7095,99,2.0,55.436380015999,36.10374434380473,9.0,13,14.0,1998,0.033493708,B,B,66,10573,1,1322.0,3,8,B
10708,8,1.0,35.35794373564495,23.0388942667326,9.0,9,12.0,1969,0.458174486,B,A,26,4439,1,1130.0,1,5,B
8726,61,4.0,89.70460900472902,57.73160348055674,8.0,4,14.0,1994,0.300322518,B,B,52,10311,6,,1,9,B
7373,83,3.0,63.63513961375336,39.24199726453405,8.0,2,9.0,1977,0.100455735,B,B,43,7227,0,,1,6,A
6396,6,3.0,80.74638250523624,,1.0,12,17.0,1977,0.243204519,B,B,5,1564,0,540.0,0,0,B
6406,27,2.0,66.46950988443243,0.5672669909658279,0.0,4,0.0,2018,0.017647053,B,B,2,469,0,,0,0,B
12647,46,2.0,53.916266276538245,32.78122611431102,8.0,13,12.0,1981,0.0,B,B,47,11319,0,1145.0,3,5,B
2910,47,2.0,42.40185670826681,28.43755182017164,4.0,2,9.0,1970,0.458174486,B,A,26,4439,1,1130.0,1,5,B
3335,1,2.0,54.85729473062506,53.42928401259807,1.0,6,17.0,1977,0.007122317,B,B,1,264,0,,0,1,B
6924,27,2.0,67.3047933486833,,1.0,8,1.0,1977,0.072157581,B,B,2,629,1,,0,0,A
3958,38,2.0,76.72522422455049,42.963186917821744,1.0,15,15.0,2016,0.060753049,B,B,15,2787,2,520.0,0,7,B
3248,23,1.0,42.78899856535124,43.5572193227285,0.0,3,17.0,1977,0.075778755,B,B,6,1437,3,,0,2,B
2229,23,2.0,56.72436475332414,32.19428456068046,1.0,9,17.0,2015,0.075778755,B,B,6,1437,3,,0,2,B
10342,21,2.0,48.08121418918256,30.70346445153124,5.0,9,12.0,1971,0.194489265,B,B,47,8004,3,125.0,3,5,B
6313,1,3.0,80.67710601424461,52.902188816139,10.0,9,17.0,2014,0.007122317,B,B,1,264,0,,0,1,B
7828,73,2.0,64.8434123219766,33.05295515778192,12.0,5,5.0,1977,0.042031587,B,B,37,6856,84,1940.0,2,5,B
10016,44,2.0,45.24285161400138,31.742719458332715,6.0,1,9.0,1976,0.122190486,B,B,25,4724,2,1308.0,1,3,B
4508,62,1.0,40.59708002769785,,0.0,7,15.0,1977,0.072157581,B,B,2,629,1,,0,0,A
7781,92,1.0,37.91472329839142,20.59454126952537,7.0,11,17.0,2014,0.460556389,B,B,20,4386,14,,1,5,B
2692,57,3.0,83.23406252303208,52.21669183813178,10.0,10,14.0,2005,0.133215333,B,B,49,11395,3,1406.0,3,4,A
751,98,4.0,109.43579548944528,69.20268120843551,11.0,12,24.0,2000,0.089039719,B,B,33,7976,5,,0,11,B
11742,2,2.0,50.60738502436462,32.947971069938504,6.0,2,12.0,1971,0.309479124,B,B,35,7715,4,990.0,0,6,B
12529,47,1.0,41.9138065319164,19.623610186131916,9.0,12,17.0,2007,0.101872465,B,B,23,4583,3,,3,3,B
6204,116,2.0,70.63517108348367,43.27495081997448,6.0,7,6.0,1927,0.341071945,B,B,27,5664,48,2300.0,3,11,B
625,137,2.0,55.47854373000224,35.67238760012554,8.0,3,7.0,1959,0.049863387,B,B,18,3746,9,75.0,3,1,B
2168,23,3.0,104.99227440760984,,1.0,23,25.0,1977,0.075778755,B,B,6,1437,3,,0,2,B
15412,23,2.0,52.74380771589729,,0.0,4,3.0,1977,0.005767451,B,B,1,388,0,,0,0,B
9928,1,1.0,41.228944022762,,1.0,7,17.0,1977,0.007122317,B,B,1,264,0,,0,1,B
4936,48,1.0,39.097195063890425,19.98256722613548,8.0,6,25.0,2012,0.041124634,B,B,46,9515,5,,1,10,B
16721,23,2.0,53.71487366849416,55.18427718462328,0.0,3,1.0,1977,0.005767451,B,B,1,388,0,,0,0,B
16275,8,1.0,59.099839556412896,27.7416122552308,16.0,7,17.0,2007,0.092290642,B,B,21,4346,2,165.0,1,2,B
1788,35,2.0,46.576816537821614,33.85211360381735,6.0,5,12.0,1972,0.089039719,B,B,33,7976,5,,0,11,B
1045,94,3.0,60.44449177775665,47.36361819560298,6.0,6,9.0,1975,0.282797669,B,B,33,8667,2,,0,6,B
12385,27,2.0,60.57808384208661,60.31553640134182,10.0,13,12.0,2016,0.011654127,B,B,4,915,0,,0,0,B
13600,140,3.0,78.03368765017224,48.817184889176026,10.0,14,17.0,1960,0.23861713,B,B,26,3889,6,705.0,3,6,B
15732,56,2.0,61.61873822558833,34.4767496026782,10.0,13,17.0,1986,0.0,B,B,23,5067,4,,2,6,B
6402,74,2.0,77.54897193086906,50.69925739008649,10.0,7,17.0,2018,0.075778755,B,B,6,1437,3,,0,2,B
11329,1,3.0,80.06660005122991,,1.0,17,17.0,1977,0.007122317,B,B,1,264,0,,0,1,B
2982,6,2.0,63.46068440528138,,0.0,13,0.0,1977,0.243204519,B,B,5,1564,0,540.0,0,0,B
8728,109,2.0,58.10522563607446,,9.0,1,12.0,1977,0.093442564,B,B,23,4635,5,3300.0,2,4,B
15020,61,2.0,41.66545771486654,24.84290619459302,6.0,5,14.0,1980,0.300322518,B,B,52,10311,6,,1,9,B
9037,8,3.0,79.88061871612041,48.040876143946754,12.0,4,14.0,2004,0.43788524,B,B,23,5735,3,1084.0,0,5,B
11010,27,2.0,66.44850258937556,62.4351282951365,10.0,10,17.0,2017,0.011654127,B,B,4,915,0,,0,0,B
3194,29,2.0,43.92698743317489,31.0287066937074,44.0,6,5.0,1964,0.086885265,B,B,10,2277,2,1547.0,0,0,B
6011,47,3.0,77.69037251388325,50.46489448101416,10.0,2,22.0,1983,6.99893e-05,B,B,46,10309,1,240.0,1,16,B
5042,58,1.0,47.7695512582566,,12.0,11,0.0,1977,0.43788524,B,B,23,5735,3,1084.0,0,5,B
13797,108,3.0,60.62606147302603,44.98950015172678,7.0,2,9.0,1962,0.0,B,B,25,5027,4,46.0,1,1,B
9167,96,2.0,51.58299683059343,35.96392074686476,8.0,6,10.0,1994,0.041116354,B,B,53,14892,4,,1,4,B
15896,9,1.0,41.86281062255679,26.74419716013925,8.0,4,14.0,1995,0.161531741,B,B,25,5648,1,30.0,2,4,B
4549,31,2.0,80.54264033432669,35.54959398594974,14.0,5,40.0,2013,0.151346216,B,A,32,5889,10,830.0,4,1,B
907,100,1.0,30.89982461322368,22.445856001885748,5.0,5,8.0,1963,0.049863387,B,B,18,3746,9,75.0,3,1,B
15637,64,1.0,40.349311707958535,22.531265855084147,8.0,4,17.0,1987,0.135649789,B,B,46,7960,6,350.0,3,11,B
5505,6,1.0,39.2173804333066,,1.0,12,17.0,1977,0.243204519,B,B,5,1564,0,540.0,0,0,B
3425,27,1.0,41.58102024974895,,1.0,9,12.0,1977,0.011654127,B,B,4,915,0,,0,0,B
1667,144,1.0,31.043820346083766,19.82278202894561,5.0,3,5.0,1965,0.306977489,B,B,27,5148,14,1575.0,5,7,B
250,21,3.0,60.324468681106005,41.72171217722632,5.0,3,5.0,1965,0.194489265,B,B,47,8004,3,125.0,3,5,B
343,1,2.0,66.26967505320266,,1.0,11,17.0,1977,0.025609157,B,B,33,5261,0,240.0,3,1,B
7697,98,3.0,107.34229261327287,53.45225104395614,12.0,6,23.0,2006,0.195781053,B,B,23,5212,6,,3,2,B
9405,6,1.0,41.22510698800132,,1.0,25,25.0,1977,0.243204519,B,B,5,1564,0,540.0,0,0,B
10901,44,2.0,53.34942728773794,30.87100280741553,8.0,11,17.0,1993,0.122190486,B,B,25,4724,2,1308.0,1,3,B
3711,94,1.0,41.281057292665885,42.39259409457574,10.0,13,13.0,2014,0.282797669,B,B,33,8667,2,,0,6,B
13240,53,3.0,80.97879496565498,48.8547406841338,10.0,16,24.0,2019,0.049637257,B,B,34,7759,0,229.0,1,3,B
8245,123,2.0,44.49695416505069,29.122125900669023,5.0,2,9.0,1969,0.0,B,B,47,11319,0,1145.0,3,5,B
6526,27,1.0,40.20882930090527,,0.0,9,17.0,1977,0.011654127,B,B,4,915,0,,0,0,B
5600,21,2.0,49.94171705426886,31.238350036293483,6.0,7,9.0,1990,0.194489265,B,B,47,8004,3,125.0,3,5,B
14478,11,1.0,39.23156612445212,22.11226901924866,10.0,11,12.0,1967,0.038692987,B,B,28,6533,1,1015.0,2,5,B
8962,6,1.0,42.47427319421176,,0.0,8,17.0,1977,0.243204519,B,B,5,1564,0,540.0,0,0,B
13689,9,2.0,65.96413520103987,,1.0,7,1.0,1977,0.161531741,B,B,25,5648,1,30.0,2,4,B
2961,103,1.0,38.40665116406807,21.82993267158336,8.0,2,17.0,2000,0.0006991189999999,B,B,14,3369,24,4129.0,0,3,B
14869,27,3.0,46.69936040168936,,0.0,23,25.0,1977,0.072157581,B,B,2,629,1,,0,0,A
3596,41,2.0,45.06980131088211,28.78009440577341,5.0,10,9.0,1969,0.175054867,B,B,36,10055,3,,1,0,B
473,53,2.0,55.35426538954443,,1.0,2,1.0,1977,0.049637257,B,B,34,7759,0,229.0,1,3,B
10395,6,1.0,44.49977444312419,,1.0,8,1.0,1977,0.243204519,B,B,5,1564,0,540.0,0,0,B
14579,27,3.0,77.38424831726405,76.90490253082197,10.0,12,19.0,2016,0.211401214,B,B,9,1892,0,,0,1,B
14510,30,2.0,58.93937457846889,56.46571895127956,1.0,3,2.0,1977,7.81528e-05,B,B,22,6398,141,1046.0,3,23,B
11533,94,2.0,48.7134434737855,303.07109439453137,6.0,5,12.0,1974,0.521867054,B,B,25,6149,0,,0,0,B
10668,30,1.0,46.79567268263514,46.05768570927601,1.0,4,4.0,2016,7.81528e-05,B,B,22,6398,141,1046.0,3,23,B
14320,27,1.0,39.449662718352,,0.0,8,19.0,1977,0.211401214,B,B,9,1892,0,,0,1,B
10766,67,2.0,65.38602446089847,47.03850870934475,14.0,11,12.0,1977,0.0077202819999999,B,B,38,4788,2,,0,4,B
1339,93,1.0,46.839092012949216,21.851106411570974,8.0,15,17.0,2010,0.041116354,B,B,53,14892,4,,1,4,B
12314,94,2.0,54.09273372395033,34.303708192505695,8.0,4,16.0,1980,0.282797669,B,B,33,8667,2,,0,6,B
8956,28,2.0,41.52703436743553,27.006878919666296,5.0,3,12.0,1976,0.118537385,B,B,30,6207,1,1183.0,1,0,B
16207,161,1.0,48.32429592374535,15.82192612233188,9.0,4,9.0,2015,0.014423114,B,B,19,3806,4,,0,3,B
12200,53,2.0,39.97447788268036,24.628913133608823,6.0,5,12.0,1973,0.049637257,B,B,34,7759,0,229.0,1,3,B
16000,27,2.0,66.92923086029376,68.08750973605949,12.0,4,17.0,2018,0.072157581,B,B,2,629,1,,0,0,A
1590,27,3.0,79.94568973050725,,1.0,14,17.0,1977,0.011654127,B,B,4,915,0,,0,0,B
9084,84,1.0,35.20997935317285,23.12531813372808,9.0,11,16.0,1986,0.149666373,B,B,22,4789,2,4087.0,4,1,B
519,120,1.0,35.919947443740035,21.335930238983757,5.0,6,9.0,1963,0.341071945,B,B,27,5664,48,2300.0,3,11,B
16735,23,3.0,70.65062502159009,70.57278371128916,0.0,5,0.0,2015,0.005767451,B,B,1,388,0,,0,0,B
5654,44,3.0,81.1353353411808,46.58042117441128,12.0,17,17.0,2008,0.232205084,B,B,24,4860,1,80.0,0,3,B
13847,53,1.0,38.62020539009957,40.66350752328936,1.0,21,19.0,2016,0.049637257,B,B,34,7759,0,229.0,1,3,B
4612,106,1.0,42.15085080265944,23.600429400225483,7.0,9,14.0,2000,0.313924552,B,B,22,4625,11,3855.0,2,10,B
7585,66,3.0,77.38458950785724,47.04196612899492,10.0,16,16.0,1991,0.111627393,B,B,50,12238,8,1970.0,2,3,B
8944,75,2.0,46.12371654925122,30.978382863306543,5.0,5,5.0,1965,0.307466659,B,A,30,5048,9,325.0,2,5,B
14057,23,2.0,62.40394216792572,,1.0,25,25.0,1977,0.075778755,B,B,6,1437,3,,0,2,B
11212,98,2.0,61.46688444084874,30.58954107366669,8.0,9,17.0,1988,0.089039719,B,B,33,7976,5,,0,11,B
4256,53,1.0,41.42639923761112,19.35909745175071,8.0,15,16.0,1981,0.049637257,B,B,34,7759,0,229.0,1,3,B
1837,172,1.0,39.063098776449976,21.50142442572495,6.0,3,15.0,1975,0.0,B,B,7,1660,39,1786.0,1,5,B
5770,140,1.0,31.40718144147225,17.914113959375094,0.0,5,5.0,1962,0.0,B,B,33,7425,1,,2,5,B
8532,99,2.0,52.15652933727925,30.095966385142685,8.0,18,17.0,2000,0.012338886,B,B,35,5776,1,2078.0,2,4,B
16124,41,2.0,42.4741959682026,26.23509206647281,6.0,10,12.0,1967,0.175054867,B,B,36,10055,3,,1,0,B
7413,23,1.0,33.515002213414235,18.55102432265988,6.0,5,5.0,2007,0.059456227,B,B,1,362,0,,0,0,B
9841,21,3.0,62.39438226560701,44.063216241349295,5.0,8,9.0,1970,0.194489265,B,B,47,8004,3,125.0,3,5,B
14548,74,2.0,68.64332663658429,,1.0,7,17.0,1977,0.075778755,B,B,6,1437,3,,0,2,B
789,67,1.0,47.660240117006,,1.0,12,22.0,1977,0.0077202819999999,B,B,38,4788,2,,0,4,B
800,64,2.0,48.73851490440332,31.90911185065577,6.0,6,9.0,1972,0.135649789,B,B,46,7960,6,350.0,3,11,B
778,93,3.0,55.584240883846455,37.85059666997176,7.0,3,16.0,1983,0.521867054,B,B,25,6149,0,,0,0,B
6918,23,3.0,105.53513516506445,,1.0,6,9.0,1977,0.014072961,B,B,2,475,0,,0,0,B
3258,1,2.0,61.36273478271861,,1.0,4,22.0,1977,0.007122317,B,B,1,264,0,,0,1,B
13135,30,3.0,65.43339811226687,64.66823615437197,1.0,4,4.0,1977,7.81528e-05,B,B,22,6398,141,1046.0,3,23,B
14843,135,3.0,61.07575428227001,43.88575607634552,5.0,5,9.0,1972,0.007658515,B,B,35,7077,56,2301.0,3,19,B
8275,1,1.0,44.80608996300601,,1.0,8,17.0,1977,0.007122317,B,B,1,264,0,,0,1,B
4884,29,1.0,39.68887710532403,18.944480450824138,8.0,2,14.0,1977,0.069660344,B,B,31,6119,4,,1,2,B
9361,96,3.0,79.23918092270458,50.06269872212529,10.0,11,22.0,1997,0.041116354,B,B,53,14892,4,,1,4,B
12185,27,3.0,83.24135525920686,,1.0,7,17.0,1977,0.072157581,B,B,2,629,1,,0,0,A
16660,74,2.0,45.88170224800432,30.80602387532218,5.0,2,5.0,1966,0.371148999,B,B,34,7065,1,750.0,2,5,B
2207,138,2.0,51.06711265479546,34.43349924915771,9.0,11,12.0,1976,0.014423114,B,B,19,3806,4,,0,3,B
5755,180,2.0,68.4487828980041,44.54843349938272,7.0,8,7.0,1929,0.037316452,B,B,32,6748,93,562.0,4,10,B
6998,6,2.0,65.23507155845282,33.84909512683275,13.0,9,17.0,2015,0.243204519,B,B,5,1564,0,540.0,0,0,B
6216,181,2.0,51.77749721731153,30.5830316595352,8.0,3,10.0,1976,0.0,B,B,30,7538,87,4702.0,5,5,B
16535,23,1.0,31.12125935552932,,1.0,5,12.0,1977,0.034656082,B,B,0,168,0,,0,0,B
2260,105,1.0,37.91085152474015,22.81594345129993,6.0,9,9.0,1974,0.069660344,B,B,31,6119,4,,1,2,B
6917,57,3.0,63.58085474118582,43.920986586541176,6.0,7,12.0,1976,0.133215333,B,B,49,11395,3,1406.0,3,4,A
12708,3,1.0,36.027518157274315,22.967618225187287,7.0,11,12.0,1975,0.050900058,B,B,43,10621,1,30.0,2,3,B
450,27,2.0,66.23566238810594,,0.0,2,0.0,1977,0.072157581,B,B,2,629,1,,0,0,A
14668,62,1.0,45.00112917979175,20.165970031652595,11.0,11,15.0,2018,0.072157581,B,B,2,629,1,,0,0,A
6624,27,1.0,42.41379292852747,42.43488662634184,10.0,12,17.0,2017,0.011654127,B,B,4,915,0,,0,0,B
16009,11,3.0,59.07266271838122,40.28073462898802,6.0,8,9.0,1973,0.0001696759999999,B,B,36,5992,0,,1,1,B
11170,34,3.0,73.86507374207464,46.5087820998496,9.0,7,17.0,1997,0.069753361,B,B,53,13670,4,,1,11,B
1778,105,2.0,38.87296589265351,25.509412247393627,5.0,9,9.0,1968,0.069660344,B,B,31,6119,4,,1,2,B
13185,27,1.0,44.6359141728862,,0.0,5,17.0,1977,0.072157581,B,B,2,629,1,,0,0,A
3366,27,1.0,41.23017380545201,22.45690460331869,8.0,3,17.0,2009,0.07542368,B,B,11,3097,0,,0,0,B
13736,27,1.0,141.5402154863168,91.70480619941944,42.0,3,3.0,2013,0.014072961,B,B,2,475,0,,0,0,B
1477,156,2.0,67.83044498237433,35.364431750765455,13.0,10,17.0,2008,0.007658515,B,B,35,7077,56,2301.0,3,19,B
146,1,3.0,87.81332195236082,88.94655466443344,1.0,5,22.0,1977,0.007122317,B,B,1,264,0,,0,1,B
12235,23,2.0,66.99549392384945,,1.0,17,17.0,1977,0.075778755,B,B,6,1437,3,,0,2,B
12479,64,1.0,34.27677792317554,19.78944077848273,6.0,6,9.0,1969,0.135649789,B,B,46,7960,6,350.0,3,11,B
12954,1,1.0,42.2470826240416,43.174824806167365,1.0,11,17.0,1977,0.007122317,B,B,1,264,0,,0,1,B
7214,128,2.0,57.427824456097625,30.258026672563943,8.0,11,14.0,1992,0.0,B,B,27,4798,0,30.0,2,8,B
12700,102,2.0,50.0974701676359,31.02497718754775,8.0,15,14.0,1975,0.23861713,B,B,26,3889,6,705.0,3,6,B
12769,22,1.0,41.18166046456436,,1.0,13,17.0,1977,0.118537385,B,B,30,6207,1,1183.0,1,0,B
5295,1,1.0,42.62820493540221,22.83809642623712,8.0,4,17.0,1990,0.025609157,B,B,33,5261,0,240.0,3,1,B
6010,72,2.0,63.29578675415534,60.7939969684188,1.0,23,23.0,2019,0.210473241,B,B,11,2398,2,1994.0,3,0,B
14436,7,2.0,45.27561620759978,28.10251588164896,5.0,7,5.0,1967,0.130617806,B,B,39,10418,9,900.0,1,9,B
